Rk;Name;Age;Tm;G;PA;AB;R;H;2B;3B;HR;RBI;SB;CS;BB;SO;BA;OBP;SLG;OPS;OPS+;TB;GDP;HBP;SH;SF;IBB;Pos Summary
1;Fernando Abad*;29;OAK;62;0;0;0;0;0;0;0;0;0;0;0;0;;;;;;0;0;0;0;0;0;1
2;Jose Abreu;28;CHW;154;668;613;88;178;34;3;30;101;0;0;39;140;0.29;0.347;0.502;0.85;135;308;16;15;0;1;11;*3D
3;A.J. Achter;26;MIN;11;0;0;0;0;0;0;0;0;0;0;0;0;;;;;;0;0;0;0;0;0;1
4;Dustin Ackley*;27;TOT;108;264;238;28;55;11;3;10;30;2;2;18;45;0.231;0.284;0.429;0.712;97;102;3;1;3;4;0;784/3D9
5;Dustin Ackley*;27;SEA;85;207;186;22;40;8;1;6;19;2;2;14;38;0.215;0.27;0.366;0.635;78;68;3;1;3;3;0;78/D94
6;Dustin Ackley*;27;NYY;23;57;52;6;15;3;2;4;11;0;0;4;7;0.288;0.333;0.654;0.987;165;34;0;0;0;1;0;/437D
7;Austin Adams;28;CLE;28;1;1;0;0;0;0;0;0;0;0;0;0;0;0;0;0;-100;0;1;0;0;0;0;1
8;Jesus Aguilar;25;CLE;7;20;19;0;6;1;0;0;2;0;0;0;7;0.316;0.35;0.368;0.718;94;7;0;1;0;0;0;/3D
9;Hanser Alberto;22;TEX;41;104;99;12;22;2;1;0;4;1;0;2;17;0.222;0.238;0.263;0.5;35;26;2;0;3;0;0;4/65D
10;Al Alburquerque;29;DET;67;0;0;0;0;0;0;0;0;0;0;0;0;;;;;;0;0;0;0;0;0;1
11;Cody Allen;26;CLE;70;0;0;0;0;0;0;0;0;0;0;0;0;;;;;;0;0;0;0;0;0;1
12;Abraham Almonte#;26;CLE;51;196;178;30;47;9;5;5;20;6;0;16;33;0.264;0.321;0.455;0.776;106;81;4;0;0;2;0;8
13;Miguel Almonte;22;KCR;9;0;0;0;0;0;0;0;0;0;0;0;0;;;;;;0;0;0;0;0;0;/1
14;Jose Altuve;25;HOU;154;689;638;86;200;40;4;15;66;38;13;33;67;0.313;0.353;0.459;0.812;122;293;17;9;3;6;8;*4/D
15;Dariel Alvarez;26;BAL;12;31;29;3;7;1;0;1;1;0;0;2;8;0.241;0.29;0.379;0.67;81;11;0;0;0;0;0;9/8
16;Jose Alvarez*;26;LAA;64;0;0;0;0;0;0;0;0;0;0;0;0;;;;;;0;0;0;0;0;0;1
17;Bryan Anderson*;28;OAK;4;8;5;0;2;0;0;0;1;0;0;1;1;0.4;0.429;0.4;0.829;131;2;0;0;1;1;0;/2
18;Cody Anderson;24;CLE;15;3;3;0;0;0;0;0;0;0;0;0;3;0;0;0;0;-100;0;0;0;0;0;0;1
19;Matt Andriese;25;TBR;25;1;1;0;0;0;0;0;0;0;0;0;0;0;0;0;0;-100;0;0;0;0;0;0;1
20;Elvis Andrus;26;TEX;160;661;596;69;154;34;2;7;62;25;9;46;78;0.258;0.309;0.357;0.667;80;213;14;2;8;9;1;*6
21;Chris Archer;26;TBR;34;5;5;0;0;0;0;0;0;0;0;0;3;0;0;0;0;-100;0;0;0;0;0;0;1
22;Oswaldo Arcia*;24;MIN;19;65;58;6;16;0;0;2;8;0;0;4;15;0.276;0.338;0.379;0.718;96;22;2;2;0;1;4;7/9
23;J.P. Arencibia;29;TBR;24;73;71;9;22;3;0;6;17;0;0;1;22;0.31;0.315;0.606;0.921;148;43;1;0;0;1;0;2/D
24;Alex Avila*;28;DET;67;219;178;21;34;5;0;4;13;0;1;40;66;0.191;0.339;0.287;0.626;77;51;4;0;1;0;0;23/D
25;Mike Aviles;34;CLE;98;317;290;37;67;10;0;5;17;3;1;20;38;0.231;0.282;0.317;0.599;61;92;18;1;5;1;0;7564/8D9
26;Erick Aybar#;31;LAA;156;638;597;74;161;30;1;3;44;15;6;25;73;0.27;0.301;0.338;0.639;81;202;12;4;7;5;1;*6/D
27;Andrew Bailey;31;NYY;10;0;0;0;0;0;0;0;0;0;0;0;0;;;;;;0;0;0;0;0;0;1
28;Grant Balfour;37;TBR;6;0;0;0;0;0;0;0;0;0;0;0;0;;;;;;0;0;0;0;0;0;/1
29;Jett Bandy;25;LAA;2;2;2;1;1;0;0;1;1;0;0;0;0;0.5;0.5;2;2.5;559;4;0;0;0;0;0;/2
30;Darwin Barney;29;TOR;15;26;23;4;7;1;0;2;4;0;0;1;2;0.304;0.333;0.609;0.942;153;14;0;0;2;0;0;4
31;Steven Baron;24;SEA;4;11;11;0;0;0;0;0;0;0;0;0;2;0;0;0;0;-100;0;2;0;0;0;0;/2
32;Anthony Bass;27;TEX;33;0;0;0;0;0;0;0;0;0;0;0;0;;;;;;0;0;0;0;0;0;1
33;Chris Bassitt;26;OAK;18;2;2;0;0;0;0;0;0;0;0;0;1;0;0;0;0;-100;0;0;0;0;0;0;1
34;Trevor Bauer;24;CLE;31;7;6;0;1;0;0;0;0;0;0;1;1;0.167;0.286;0.167;0.452;27;1;0;0;0;0;0;1
35;Jose Bautista;34;TOR;153;666;543;108;136;29;3;40;114;8;2;110;106;0.25;0.377;0.536;0.913;149;291;19;5;0;8;2;*9D
36;Gordon Beckham;28;CHW;100;237;211;24;44;8;0;6;20;0;1;19;43;0.209;0.275;0.332;0.607;70;70;6;2;1;4;1;54/6D
37;Tim Beckham;25;TBR;82;223;203;24;45;7;4;9;37;3;1;13;69;0.222;0.274;0.429;0.702;91;87;3;3;0;4;0;46D/5
38;Cam Bedrosian;23;LAA;34;0;0;0;0;0;0;0;0;0;0;0;0;;;;;;0;0;0;0;0;0;1
39;Joe Beimel*;38;SEA;53;0;0;0;0;0;0;0;0;0;0;0;0;;;;;;0;0;0;0;0;0;1
40;Ronald Belisario;32;TBR;6;1;1;0;0;0;0;0;0;0;0;0;0;0;0;0;0;-100;0;0;0;0;0;0;/1
41;Jeff Beliveau*;28;TBR;5;0;0;0;0;0;0;0;0;0;0;0;0;;;;;;0;0;0;0;0;0;/1
42;Carlos Beltran#;38;NYY;133;531;478;57;132;34;1;19;67;0;0;45;85;0.276;0.337;0.471;0.808;122;225;12;2;0;6;2;*9/D
43;Adrian Beltre;36;TEX;143;619;567;83;163;32;4;18;83;1;0;41;65;0.287;0.334;0.453;0.788;110;257;18;3;0;8;4;*5/D
44;Doug Bernier;35;MIN;4;6;5;1;1;1;0;0;2;0;0;1;3;0.2;0.333;0.4;0.733;99;2;0;0;0;0;0;/45
45;Dellin Betances;27;NYY;74;0;0;0;0;0;0;0;0;0;0;0;0;;;;;;0;0;0;0;0;0;1
46;Mookie Betts;22;BOS;145;654;597;92;174;42;8;18;77;21;6;46;82;0.291;0.341;0.479;0.82;118;286;2;2;3;6;1;*89/D
47;Jeff Bianchi;28;BOS;3;2;2;0;0;0;0;0;0;0;0;0;0;0;0;0;0;-100;0;0;0;0;0;0;/56
48;Greg Bird*;22;NYY;46;178;157;26;41;9;0;11;31;0;0;19;53;0.261;0.343;0.529;0.871;138;83;1;1;0;1;0;3
49;Carson Blair;25;OAK;11;35;31;3;4;0;0;1;3;0;0;4;18;0.129;0.229;0.226;0.454;26;7;1;0;0;0;0;2
50;Kyle Blanks;28;TEX;18;71;67;10;21;5;0;3;6;1;0;4;20;0.313;0.352;0.522;0.875;132;35;1;0;0;0;0;3/7D
51;Joe Blanton;34;KCR;15;1;1;0;0;0;0;0;0;0;0;0;0;0;0;0;0;-100;0;0;0;0;0;0;1
52;Willie Bloomquist;37;SEA;35;72;69;2;11;1;0;0;4;1;1;2;13;0.159;0.194;0.174;0.368;6;12;2;1;0;0;0;/465739
53;Xander Bogaerts;22;BOS;156;654;613;84;196;35;3;7;81;10;2;32;101;0.32;0.355;0.421;0.776;108;258;16;3;3;3;1;*6
54;Emilio Bonifacio#;30;CHW;47;82;78;5;13;2;0;0;4;1;4;2;27;0.167;0.198;0.192;0.39;10;15;1;1;1;0;0;4/D875
55;Michael Bourn*;32;CLE;95;326;289;29;71;12;1;0;19;13;5;29;76;0.246;0.313;0.294;0.608;66;85;2;0;7;1;0;8/D7
56;Brad Boxberger;27;TBR;69;0;0;0;0;0;0;0;0;0;0;0;0;;;;;;0;0;0;0;0;0;1
57;Matt Boyd*;24;DET;11;0;0;0;0;0;0;0;0;0;0;0;0;;;;;;0;0;0;0;0;0;1
58;Blaine Boyer;33;MIN;68;0;0;0;0;0;0;0;0;0;0;0;0;;;;;;0;0;0;0;0;0;1
59;Brad Brach;29;BAL;62;0;0;0;0;0;0;0;0;0;0;0;0;;;;;;0;0;0;0;0;0;1
60;Jackie Bradley*;25;BOS;74;255;221;43;55;17;4;10;43;3;0;27;69;0.249;0.335;0.498;0.832;120;110;5;3;1;3;0;987
61;Michael Brantley*;28;CLE;137;596;529;68;164;45;0;15;84;15;1;60;51;0.31;0.379;0.48;0.859;130;254;14;2;0;5;8;*78D
62;Rob Brantly*;25;CHW;14;36;33;3;4;1;0;1;6;0;0;2;8;0.121;0.167;0.242;0.409;13;8;1;0;0;1;0;2
63;Craig Breslow*;34;BOS;45;0;0;0;0;0;0;0;0;0;0;0;0;;;;;;0;0;0;0;0;0;1
64;Ryan Brett#;23;TBR;3;4;3;0;2;1;0;0;0;0;0;1;0;0.667;0.75;1;1.75;382;3;0;0;0;0;0;/4
65;Zach Britton*;27;BAL;64;0;0;0;0;0;0;0;0;0;0;0;0;;;;;;0;0;0;0;0;0;1
66;Aaron Brooks;25;OAK;11;2;2;0;0;0;0;0;0;0;0;0;0;0;0;0;0;-100;0;0;0;0;0;0;1
67;Clay Buchholz*;30;BOS;18;6;6;0;0;0;0;0;0;0;0;0;2;0;0;0;0;-100;0;0;0;0;0;0;1
68;Mark Buehrle*;36;TOR;32;9;7;0;1;0;0;0;0;0;0;1;3;0.143;0.25;0.143;0.393;14;1;0;0;1;0;0;1
69;Billy Burns#;25;OAK;125;555;520;70;153;18;9;5;42;26;8;26;81;0.294;0.334;0.392;0.726;100;204;5;6;1;2;1;*8
70;Drew Butera;31;TOT;55;120;107;9;21;3;0;1;5;0;1;6;26;0.196;0.252;0.252;0.505;40;27;0;2;5;0;0;2/3
71;Drew Butera;31;LAA;10;21;21;3;4;0;0;0;0;0;1;0;2;0.19;0.19;0.19;0.381;9;4;0;0;0;0;0;/23
72;Drew Butera;31;KCR;45;99;86;6;17;3;0;1;5;0;0;6;24;0.198;0.266;0.267;0.533;46;23;0;2;5;0;0;2/3
73;Billy Butler;29;OAK;151;601;538;63;135;28;1;15;65;0;0;52;101;0.251;0.323;0.39;0.713;96;210;26;7;0;4;4;*D/3
74;Joey Butler;29;TBR;88;276;257;30;71;12;0;8;30;5;2;16;82;0.276;0.326;0.416;0.742;105;107;16;3;0;0;0;D7/9
75;Byron Buxton;21;MIN;46;138;129;16;27;7;1;2;6;2;2;6;44;0.209;0.25;0.326;0.576;55;42;1;1;2;0;0;8
76;Asdrubal Cabrera#;29;TBR;143;551;505;66;134;28;5;15;58;6;3;36;107;0.265;0.315;0.43;0.744;105;217;14;3;1;6;4;*6/D
77;Everth Cabrera#;28;BAL;29;105;96;7;20;2;0;0;4;2;0;5;22;0.208;0.25;0.229;0.479;32;22;4;1;1;2;0;6/4
78;Melky Cabrera#;30;CHW;158;683;629;70;172;36;2;12;77;3;0;40;88;0.273;0.314;0.394;0.709;97;248;18;2;2;10;2;*7/D
79;Miguel Cabrera;32;DET;119;511;429;64;145;28;1;18;76;1;1;77;82;0.338;0.44;0.534;0.974;170;229;19;3;0;2;15;3D
80;Lorenzo Cain;29;KCR;140;604;551;101;169;34;6;16;72;28;6;37;98;0.307;0.361;0.477;0.838;126;263;16;12;0;4;4;*8/9D
81;Kole Calhoun*;27;LAA;159;686;630;78;161;23;2;26;83;4;1;45;164;0.256;0.308;0.422;0.731;104;266;6;5;2;4;1;*9/3D
82;Orlando Calixte;23;KCR;2;3;3;1;0;0;0;0;0;0;0;0;0;0;0;0;0;-100;0;0;0;0;0;0;/6
83;Mark Canha;26;OAK;124;485;441;61;112;22;3;16;70;7;2;33;96;0.254;0.315;0.426;0.742;102;188;9;8;0;3;0;37/9D5
84;Robinson Cano*;32;SEA;156;674;624;82;179;34;1;21;79;2;6;43;107;0.287;0.334;0.446;0.779;118;278;26;3;0;4;5;*4/D
85;Chris Capuano*;36;NYY;22;1;1;0;0;0;0;0;0;0;0;0;0;0;0;0;0;-100;0;0;0;0;0;0;1
86;David Carpenter;29;NYY;22;0;0;0;0;0;0;0;0;0;0;0;0;;;;;;0;0;0;0;0;0;1
87;Carlos Carrasco;28;CLE;30;3;1;0;1;0;0;0;0;0;0;0;0;1;1;1;2;443;1;0;0;2;0;0;1
88;Ezequiel Carrera*;28;TOR;91;192;172;27;47;8;0;3;26;2;1;11;45;0.273;0.321;0.372;0.693;92;64;1;2;5;2;0;79/8D
89;Scott Carroll;30;CHW;18;0;0;0;0;0;0;0;0;0;0;0;0;;;;;;0;0;0;0;0;0;1
90;Chris Carter;28;HOU;129;460;391;50;78;17;0;24;64;1;2;57;151;0.199;0.307;0.427;0.734;100;167;5;6;0;5;1;*3/D
91;Curt Casali;26;TBR;38;113;101;13;24;6;0;10;18;0;0;8;34;0.238;0.304;0.594;0.898;141;60;2;2;1;1;0;2/D
92;Nick Castellanos;23;DET;154;595;549;42;140;33;6;15;73;0;3;39;152;0.255;0.303;0.419;0.721;98;230;21;1;0;6;1;*5/D
93;Rusney Castillo;27;BOS;80;289;273;35;69;10;2;5;29;4;5;13;54;0.253;0.288;0.359;0.647;73;98;11;1;1;1;0;97/8D
94;Welington Castillo;28;SEA;6;28;25;3;4;0;0;0;2;0;0;1;5;0.16;0.179;0.16;0.339;-3;4;2;0;0;2;0;/2D
95;Angel Castro;32;OAK;5;0;0;0;0;0;0;0;0;0;0;0;0;;;;;;0;0;0;0;0;0;/1
96;Jason Castro*;28;HOU;104;375;337;38;71;19;0;11;31;0;0;33;115;0.211;0.283;0.365;0.648;77;123;5;2;0;3;1;2
97;Garin Cecchini*;24;BOS;2;4;4;0;0;0;0;0;0;0;0;0;3;0;0;0;0;-100;0;0;0;0;0;0;/3D
98;Brett Cecil;28;TOR;63;0;0;0;0;0;0;0;0;0;0;0;0;;;;;;0;0;0;0;0;0;1
99;Xavier Cedeno*;28;TBR;61;0;0;0;0;0;0;0;0;0;0;0;0;;;;;;0;0;0;0;0;0;1
100;Yoenis Cespedes;29;DET;102;427;403;62;118;28;2;18;61;3;4;19;87;0.293;0.323;0.506;0.829;126;204;9;1;0;4;2;7/D
101;Joba Chamberlain;29;DET;30;0;0;0;0;0;0;0;0;0;0;0;0;;;;;;0;0;0;0;0;0;1
102;Jesse Chavez;31;OAK;30;5;3;0;1;0;0;0;0;0;0;0;2;0.333;0.333;0.333;0.667;85;1;0;0;2;0;0;1
103;Robinson Chirinos;31;TEX;78;273;233;33;54;16;1;10;34;0;0;28;62;0.232;0.325;0.438;0.762;104;102;4;5;5;2;0;2
104;Lonnie Chisenhall*;26;CLE;106;362;333;38;82;19;1;7;44;4;1;23;69;0.246;0.294;0.372;0.667;78;124;0;1;2;3;3;95/D
105;Michael Choice;25;TEX;1;1;1;0;0;0;0;0;0;0;0;0;1;0;0;0;0;-100;0;0;0;0;0;0;/9
106;Shin-Soo Choo*;32;TEX;149;653;555;94;153;32;3;22;82;4;2;76;147;0.276;0.375;0.463;0.838;125;257;7;15;2;5;1;*9/D
107;Steve Clevenger*;29;BAL;30;105;101;11;29;4;2;2;15;0;0;4;13;0.287;0.314;0.426;0.74;99;43;3;0;0;0;1;D/23
108;Tyler Clippard;30;OAK;37;0;0;0;0;0;0;0;0;0;0;0;0;;;;;;0;0;0;0;0;0;1
109;Chris Colabello;31;TOR;101;360;333;55;107;19;1;15;54;2;0;22;96;0.321;0.367;0.52;0.886;142;173;12;3;0;2;0;379D
110;Dusty Coleman;28;KCR;4;5;5;0;0;0;0;0;0;0;0;0;3;0;0;0;0;-100;0;0;0;0;0;0;/5
111;Tyler Collins*;25;DET;60;207;192;18;51;11;3;4;25;2;1;13;43;0.266;0.316;0.417;0.732;102;80;2;1;1;0;0;7D/9
112;Alex Colome;26;TBR;43;0;0;0;0;0;0;0;0;0;0;0;0;;;;;;0;0;0;0;0;0;1
113;Christian Colon;26;KCR;43;119;107;8;31;5;0;0;6;3;2;11;17;0.29;0.356;0.336;0.692;91;36;2;0;1;0;0;64/5
114;Hank Conger#;27;HOU;73;229;201;25;46;11;0;11;33;0;1;23;63;0.229;0.311;0.448;0.759;106;90;6;2;1;2;0;2/7
115;Ryan Cook;28;BOS;5;0;0;0;0;0;0;0;0;0;0;0;0;;;;;;0;0;0;0;0;0;/1
116;Scott Copeland;27;TOR;5;1;1;0;0;0;0;0;0;0;0;0;1;0;0;0;0;-100;0;0;0;0;0;0;/1
117;Carlos Corporan#;31;TEX;33;121;107;10;19;4;0;3;15;0;0;6;40;0.178;0.244;0.299;0.543;46;32;1;4;2;2;0;2/D
118;Carlos Correa;20;HOU;99;432;387;52;108;22;1;22;68;14;4;40;78;0.279;0.345;0.512;0.857;132;198;10;1;0;4;2;6
119;Caleb Cotham;27;NYY;12;0;0;0;0;0;0;0;0;0;0;0;0;;;;;;0;0;0;0;0;0;1
120;Neal Cotts*;35;MIN;17;0;0;0;0;0;0;0;0;0;0;0;0;;;;;;0;0;0;0;0;0;1
121;Kaleb Cowart#;23;LAA;34;52;46;8;8;2;0;1;4;1;1;5;19;0.174;0.255;0.283;0.538;52;13;1;0;1;0;0;5
122;Collin Cowgill;29;LAA;55;74;69;10;13;2;1;1;2;2;1;4;19;0.188;0.233;0.29;0.523;47;20;1;0;1;0;0;7/89D
123;Allen Craig;30;BOS;36;88;79;6;12;1;0;1;3;0;0;7;26;0.152;0.239;0.203;0.441;21;16;2;2;0;0;0;/D973
124;Coco Crisp#;35;OAK;44;139;126;11;22;6;0;0;6;2;0;13;25;0.175;0.252;0.222;0.474;33;28;2;0;0;0;0;7
125;Kyle Crockett*;23;CLE;31;0;0;0;0;0;0;0;0;0;0;0;0;;;;;;0;0;0;0;0;0;1
126;C.J. Cron;25;LAA;113;404;378;37;99;17;1;16;51;3;1;17;82;0.262;0.3;0.439;0.739;106;166;9;5;0;3;1;3D
127;Nelson Cruz;34;SEA;152;655;590;90;178;22;1;44;93;3;2;59;164;0.302;0.369;0.566;0.936;160;334;6;5;0;1;9;9D
128;Cheslor Cuthbert;22;KCR;19;50;46;6;10;2;1;1;8;0;0;4;9;0.217;0.28;0.37;0.65;75;17;0;0;0;0;0;5/34D
129;Kyle Davies;31;NYY;1;0;0;0;0;0;0;0;0;0;0;0;0;;;;;;0;0;0;0;0;0;/1
130;Chris Davis*;29;BAL;160;670;573;100;150;31;0;47;117;2;3;84;208;0.262;0.361;0.562;0.923;146;322;6;8;0;5;6;*39D
131;Ike Davis*;28;OAK;74;239;214;19;49;17;0;3;20;0;0;23;44;0.229;0.301;0.35;0.652;79;75;5;0;0;2;0;3/1D
132;Rajai Davis;34;DET;112;370;341;55;88;16;11;8;30;18;8;22;76;0.258;0.306;0.44;0.746;104;150;5;3;1;3;0;879/D
133;Wade Davis;29;KCR;69;0;0;0;0;0;0;0;0;0;0;0;0;;;;;;0;0;0;0;0;0;1
134;Alejandro De Aza*;31;TOT;90;290;264;39;69;13;6;7;32;5;3;19;70;0.261;0.319;0.436;0.755;102;115;3;4;2;1;3;79/8D
135;Alejandro De Aza*;31;BAL;30;112;103;16;22;4;1;3;7;2;2;7;34;0.214;0.277;0.359;0.636;72;37;1;2;0;0;2;79
136;Alejandro De Aza*;31;BOS;60;178;161;23;47;9;5;4;25;3;1;12;36;0.292;0.347;0.484;0.831;121;78;2;2;2;1;1;79/8D
137;David DeJesus*;35;TOT;112;317;288;27;67;9;2;5;30;3;2;21;52;0.233;0.297;0.33;0.626;75;95;5;6;0;2;1;7D/98
138;David DeJesus*;35;TBR;82;257;232;24;60;8;2;5;26;3;2;19;39;0.259;0.323;0.375;0.698;94;87;4;4;0;2;1;7D/9
139;David DeJesus*;35;LAA;30;60;56;3;7;1;0;0;4;0;0;2;13;0.125;0.183;0.143;0.326;-5;8;1;2;0;0;0;7/89
140;Steve Delabar;31;TOR;31;0;0;0;0;0;0;0;0;0;0;0;0;;;;;;0;0;0;0;0;0;1
141;Delino DeShields;22;TEX;121;492;425;83;111;22;10;2;37;25;8;53;101;0.261;0.344;0.374;0.718;95;159;1;3;7;4;1;*87/D4
142;Ross Detwiler;29;TEX;17;0;0;0;0;0;0;0;0;0;0;0;0;;;;;;0;0;0;0;0;0;1
143;Jonathan Diaz;30;TOR;7;16;13;1;2;0;0;0;2;0;0;1;3;0.154;0.267;0.154;0.421;22;2;0;1;1;0;0;/67
144;R.A. Dickey;40;TOR;33;4;3;0;0;0;0;0;0;0;0;0;1;0;0;0;0;-100;0;0;0;1;0;0;1
145;Jake Diekman*;28;TEX;26;0;0;0;0;0;0;0;0;0;0;0;0;;;;;;0;0;0;0;0;0;1
146;Jose Dominguez;24;TBR;4;0;0;0;0;0;0;0;0;0;0;0;0;;;;;;0;0;0;0;0;0;/1
147;Josh Donaldson;29;TOR;158;711;620;122;184;41;2;41;123;6;0;73;133;0.297;0.371;0.568;0.939;155;352;16;6;2;10;0;*5/D
148;Sean Doolittle*;28;OAK;12;0;0;0;0;0;0;0;0;0;0;0;0;;;;;;0;0;0;0;0;0;1
149;Brian Dozier;28;MIN;157;704;628;101;148;39;4;28;77;12;4;61;148;0.236;0.307;0.444;0.751;101;279;10;7;0;8;2;*4
150;Oliver Drake;28;BAL;13;0;0;0;0;0;0;0;0;0;0;0;0;;;;;;0;0;0;0;0;0;1
151;Stephen Drew*;32;NYY;131;428;383;43;77;16;1;17;44;0;2;37;71;0.201;0.271;0.381;0.652;79;146;7;1;4;3;1;*46/5
152;Brian Duensing*;32;MIN;55;1;1;0;0;0;0;0;0;0;0;0;0;0;0;0;0;-100;0;0;0;0;0;0;1
153;Matt Duffy;26;HOU;8;9;8;0;3;1;0;0;3;0;0;1;2;0.375;0.444;0.5;0.944;161;4;0;0;0;0;0;/35
154;Zach Duke*;32;CHW;71;0;0;0;0;0;0;0;0;0;0;0;0;;;;;;0;0;0;0;0;0;1
155;Allan Dykstra*;28;TBR;13;38;31;3;4;0;0;1;4;0;0;6;12;0.129;0.289;0.226;0.515;47;7;2;1;0;0;0;3
156;Jarrod Dyson*;30;KCR;90;225;200;31;50;8;6;2;18;26;3;14;37;0.25;0.311;0.38;0.691;87;76;3;4;6;1;0;879/D
157;Sam Dyson;27;TEX;31;0;0;0;0;0;0;0;0;0;0;0;0;;;;;;0;0;0;0;0;0;1
158;Adam Eaton*;26;CHW;153;689;610;98;175;28;9;14;56;18;8;58;131;0.287;0.361;0.431;0.792;122;263;5;14;5;2;2;*8/D
159;Jon Edwards;27;TEX;11;0;0;0;0;0;0;0;0;0;0;0;0;;;;;;0;0;0;0;0;0;1
160;Jacoby Ellsbury*;31;NYY;111;501;452;66;116;15;2;7;33;21;9;35;86;0.257;0.318;0.345;0.663;85;156;6;7;1;3;1;*8
161;Jake Elmore;28;TBR;51;158;141;10;29;5;0;2;16;1;1;12;25;0.206;0.263;0.284;0.547;52;40;6;0;2;3;1;3/5467D1
162;Edwin Encarnacion;32;TOR;146;624;528;94;146;31;0;39;111;3;2;77;98;0.277;0.372;0.557;0.929;153;294;14;9;0;10;5;D3
163;Nathan Eovaldi;25;NYY;27;5;5;1;0;0;0;0;0;0;0;0;2;0;0;0;0;-100;0;0;0;0;0;0;1
164;Alcides Escobar;28;KCR;148;662;612;76;157;20;5;3;47;17;5;26;75;0.257;0.293;0.32;0.614;68;196;10;8;11;5;1;*6
165;Eduardo Escobar#;26;MIN;127;446;409;48;107;31;4;12;58;2;3;28;86;0.262;0.309;0.445;0.754;102;182;7;2;2;5;1;674/D59
166;Marco Estrada;31;TOR;34;6;6;0;2;0;0;0;0;0;0;0;2;0.333;0.333;0.333;0.667;86;2;0;0;0;0;0;1
167;Buck Farmer*;24;DET;14;4;4;0;1;0;0;0;0;0;0;0;3;0.25;0.25;0.25;0.5;40;1;0;0;0;0;0;1
168;Danny Farquhar;28;SEA;43;0;0;0;0;0;0;0;0;0;0;0;0;;;;;;0;0;0;0;0;0;1
169;Andrew Faulkner;22;TEX;11;0;0;0;0;0;0;0;0;0;0;0;0;;;;;;0;0;0;0;0;0;1
170;Taylor Featherston;25;LAA;101;169;154;23;25;5;1;2;9;4;2;7;46;0.162;0.212;0.247;0.459;30;38;3;3;4;1;0;546/D
171;Scott Feldman*;32;HOU;18;2;2;0;1;0;0;0;0;0;0;0;1;0.5;0.5;0.5;1;178;1;0;0;0;0;0;1
172;Michael Feliz;22;HOU;5;0;0;0;0;0;0;0;0;0;0;0;0;;;;;;0;0;0;0;0;0;/1
173;Neftali Feliz;27;DET;30;0;0;0;0;0;0;0;0;0;0;0;0;;;;;;0;0;0;0;0;0;1
174;Thomas Field;28;TEX;14;45;41;6;8;1;0;2;5;1;0;2;16;0.195;0.25;0.366;0.616;64;15;0;1;1;0;0;4/6
175;Prince Fielder*;31;TEX;158;693;613;78;187;28;0;23;98;0;0;64;88;0.305;0.378;0.463;0.841;126;284;21;11;0;5;14;*D3
176;Daniel Fields*;24;DET;1;3;3;1;1;1;0;0;0;0;0;0;2;0.333;0.333;0.667;1;168;2;0;0;0;0;0;/7
177;Josh Fields;29;HOU;54;0;0;0;0;0;0;0;0;0;0;0;0;;;;;;0;0;0;0;0;0;1
178;Casey Fien;31;MIN;62;0;0;0;0;0;0;0;0;0;0;0;0;;;;;;0;0;0;0;0;0;1
179;Cole Figueroa*;28;NYY;2;8;8;2;2;2;0;0;0;0;0;0;0;0.25;0.25;0.5;0.75;101;4;0;0;0;0;0;/5
180;Ryan Flaherty*;28;BAL;91;301;267;34;54;8;3;9;31;0;0;26;81;0.202;0.281;0.356;0.637;72;95;8;4;2;2;2;463/597
181;Ramon Flores*;23;NYY;12;33;32;3;7;1;0;0;0;0;0;0;4;0.219;0.219;0.25;0.469;30;8;0;0;1;0;0;7/9
182;Tyler Flowers;29;CHW;112;361;331;21;79;12;0;9;39;0;1;21;104;0.239;0.295;0.356;0.652;82;118;8;6;2;1;0;*2/3D
183;Logan Forsythe;28;TBR;153;615;540;69;152;33;2;17;68;9;4;55;111;0.281;0.359;0.444;0.804;122;240;12;14;0;6;2;*43/5D
184;Nick Franklin#;24;TBR;44;109;101;11;16;4;1;3;7;1;0;7;37;0.158;0.213;0.307;0.52;42;31;2;0;1;0;0;463/D1
185;Jason Frasor;37;KCR;26;0;0;0;0;0;0;0;0;0;0;0;0;;;;;;0;0;0;0;0;0;1
186;Sam Freeman;28;TEX;54;0;0;0;0;0;0;0;0;0;0;0;0;;;;;;0;0;0;0;0;0;1
187;David Freese;32;LAA;121;470;424;53;109;27;0;14;56;1;1;31;107;0.257;0.323;0.42;0.743;109;178;12;12;0;3;0;*5/D
188;Ernesto Frieri;29;TBR;22;0;0;0;0;0;0;0;0;0;0;0;0;;;;;;0;0;0;0;0;0;1
189;Eric Fryer;29;MIN;15;27;22;2;5;2;0;0;2;0;0;5;11;0.227;0.37;0.318;0.689;91;7;0;0;0;0;0;2
190;Sam Fuld*;33;OAK;120;325;290;34;57;16;3;2;22;9;3;30;55;0.197;0.276;0.293;0.569;57;85;6;2;2;1;1;789/D
191;Charlie Furbush*;29;SEA;33;0;0;0;0;0;0;0;0;0;0;0;0;;;;;;0;0;0;0;0;0;1
192;Yovani Gallardo;29;TEX;33;4;4;0;2;1;0;0;0;0;0;0;1;0.5;0.5;0.75;1.25;232;3;0;0;0;0;0;1
193;Joey Gallo*;21;TEX;36;123;108;16;22;3;1;6;14;3;0;15;57;0.204;0.301;0.417;0.717;91;45;0;0;0;0;3;75/D8
194;Avisail Garcia;24;CHW;148;601;553;66;142;17;2;13;59;7;7;36;141;0.257;0.309;0.365;0.675;89;202;13;8;0;4;3;*9D
195;Jason Garcia;22;BAL;21;1;0;0;0;0;0;0;0;0;0;1;0;;1;;;;0;0;0;0;0;0;1
196;Leury Garcia#;24;CHW;18;15;14;0;3;0;0;0;1;1;0;1;7;0.214;0.267;0.214;0.481;38;3;0;0;0;0;0;/864D71
197;Brett Gardner*;31;NYY;151;656;571;94;148;26;3;16;66;20;5;68;135;0.259;0.343;0.399;0.742;106;228;8;6;8;3;1;*78
198;Evan Gattis;28;HOU;153;604;566;66;139;20;11;27;88;0;1;30;119;0.246;0.285;0.463;0.748;101;262;13;3;0;5;3;*D7
199;Kevin Gausman*;24;BAL;25;0;0;0;0;0;0;0;0;0;0;0;0;;;;;;0;0;0;0;0;0;1
200;Steve Geltz;27;TBR;70;0;0;0;0;0;0;0;0;0;0;0;0;;;;;;0;0;0;0;0;0;1
201;Craig Gentry;31;OAK;26;56;50;6;6;0;2;0;3;1;1;4;15;0.12;0.196;0.2;0.396;10;10;0;1;0;1;0;7/89D
202;Johnny Giavotella;27;LAA;129;502;453;51;123;25;5;4;49;2;1;32;59;0.272;0.318;0.375;0.694;96;170;7;2;9;6;0;*4/6
203;Kyle Gibson;27;MIN;32;5;5;0;1;0;0;0;0;0;0;0;2;0.2;0.2;0.2;0.4;10;1;0;0;0;0;0;1
204;Conor Gillaspie*;27;TOT;75;253;237;14;54;15;2;4;24;0;1;13;47;0.228;0.269;0.359;0.627;75;85;2;1;0;2;2;5/3D4
205;Conor Gillaspie*;27;CHW;58;185;173;10;41;11;1;3;15;0;1;9;34;0.237;0.276;0.364;0.64;78;63;2;1;0;2;1;5/3D
206;Conor Gillaspie*;27;LAA;17;68;64;4;13;4;1;1;9;0;0;4;13;0.203;0.25;0.344;0.594;66;22;0;0;0;0;1;5/4
207;Chris Gimenez;32;TEX;36;113;98;19;25;6;1;5;14;2;0;10;19;0.255;0.33;0.49;0.82;118;48;2;1;4;0;0;2
208;Mychal Givens;25;BAL;22;0;0;0;0;0;0;0;0;0;0;0;0;;;;;;0;0;0;0;0;0;1
209;Ryan Goins*;27;TOR;128;428;376;52;94;16;4;5;45;2;1;39;83;0.25;0.318;0.354;0.672;86;133;12;1;7;5;0;46/579
210;Brandon Gomes;30;TBR;64;0;0;0;0;0;0;0;0;0;0;0;0;;;;;;0;0;0;0;0;0;1
211;Jonny Gomes;34;KCR;12;34;30;2;5;2;0;0;4;0;0;3;14;0.167;0.235;0.233;0.469;29;7;1;0;0;1;0;/9D
212;Yan Gomes;27;CLE;95;389;363;38;84;22;0;12;45;0;0;13;104;0.231;0.267;0.391;0.659;74;142;11;7;0;6;1;2/D
213;Carlos Gomez;29;HOU;41;163;149;19;36;9;0;4;13;10;3;8;31;0.242;0.288;0.383;0.67;83;57;1;2;3;1;1;8/D
214;Marwin Gonzalez#;26;HOU;120;370;344;44;96;18;1;12;34;4;5;16;74;0.279;0.317;0.442;0.759;106;152;9;3;7;0;0;36547/D
215;Miguel Gonzalez;31;BAL;26;1;1;0;0;0;0;0;0;0;0;0;0;0;0;0;0;-100;0;0;0;0;0;0;1
216;Nick Goody;23;NYY;7;0;0;0;0;0;0;0;0;0;0;0;0;;;;;;0;0;0;0;0;0;/1
217;Alex Gordon*;31;KCR;104;422;354;40;96;18;0;13;48;2;5;49;92;0.271;0.377;0.432;0.809;120;153;2;14;0;5;7;7/D
218;Terrance Gore;24;KCR;9;4;3;1;0;0;0;0;0;3;0;0;1;0;0.25;0;0.25;-22;0;0;1;0;0;0;/7D
219;Tom Gorzelanny;32;DET;48;0;0;0;0;0;0;0;0;0;0;0;0;;;;;;0;0;0;0;0;0;1
220;Anthony Gose*;24;DET;140;535;485;73;123;24;8;5;26;23;11;45;145;0.254;0.321;0.367;0.688;91;178;11;3;2;0;0;*8
221;Trevor Gott;22;LAA;48;0;0;0;0;0;0;0;0;0;0;0;0;;;;;;0;0;0;0;0;0;1
222;J.R. Graham;25;MIN;39;0;0;0;0;0;0;0;0;0;0;0;0;;;;;;0;0;0;0;0;0;1
223;Kendall Graveman;24;OAK;21;0;0;0;0;0;0;0;0;0;0;0;0;;;;;;0;0;0;0;0;0;1
224;Sonny Gray;25;OAK;31;6;6;0;1;0;0;0;0;0;0;0;4;0.167;0.167;0.167;0.333;-7;1;0;0;0;0;0;1
225;Grant Green;27;LAA;21;44;42;6;8;0;0;1;3;0;1;2;14;0.19;0.227;0.262;0.489;38;11;2;0;0;0;1;4/3D76
226;Shane Greene;26;DET;18;5;5;0;0;0;0;0;0;0;0;0;5;0;0;0;0;-100;0;0;0;0;0;0;1
227;Luke Gregerson*;31;HOU;64;0;0;0;0;0;0;0;0;0;0;0;0;;;;;;0;0;0;0;0;0;1
228;Didi Gregorius*;25;NYY;155;578;525;57;139;24;2;9;56;5;3;33;85;0.265;0.318;0.37;0.688;91;194;4;11;3;6;0;*6
229;Robbie Grossman#;25;HOU;24;54;49;7;7;2;0;1;5;0;0;5;17;0.143;0.222;0.245;0.467;29;12;0;0;0;0;0;7/9D
230;Mayckol Guaipe;24;SEA;21;0;0;0;0;0;0;0;0;0;0;0;0;;;;;;0;0;0;0;0;0;1
231;Junior Guerra;30;CHW;3;0;0;0;0;0;0;0;0;0;0;0;0;;;;;;0;0;0;0;0;0;/1
232;Jeremy Guthrie;36;KCR;30;5;4;0;1;0;0;0;0;0;0;0;0;0.25;0.25;0.25;0.5;37;1;0;0;1;0;0;1
233;Franklin Gutierrez;32;SEA;59;189;171;27;50;11;0;15;35;0;0;14;54;0.292;0.354;0.62;0.974;168;106;5;3;0;1;1;7/D9
234;Brandon Guyer;29;TBR;128;385;332;51;88;21;2;8;28;10;4;25;61;0.265;0.359;0.413;0.771;114;137;5;24;3;1;0;*798/D
235;Nick Hagadone*;29;CLE;36;0;0;0;0;0;0;0;0;0;0;0;0;;;;;;0;0;0;0;0;0;1
236;Matt Hague;29;TOR;10;15;12;1;3;1;0;0;0;0;0;2;4;0.25;0.4;0.333;0.733;107;4;0;1;0;0;1;/3D5
237;Jesse Hahn;25;OAK;16;3;3;0;0;0;0;0;0;0;0;0;2;0;0;0;0;-100;0;0;0;0;0;0;1
238;Cole Hamels*;31;TEX;12;3;3;0;1;0;0;0;0;0;0;0;2;0.333;0.333;0.333;0.667;82;1;0;0;0;0;0;1
239;Josh Hamilton*;34;TEX;50;182;170;22;43;8;0;8;25;0;0;10;52;0.253;0.291;0.441;0.732;94;75;1;0;0;2;0;79/D
240;Ryan Hanigan;34;BOS;54;201;174;28;43;8;0;2;16;0;0;20;39;0.247;0.337;0.328;0.664;81;57;6;4;1;1;0;2
241;J.A. Happ*;32;SEA;21;2;1;0;0;0;0;0;0;0;0;1;0;0;0.5;0;0.5;61;0;1;0;0;0;0;1
242;Blaine Hardy*;28;DET;70;1;1;0;0;0;0;0;0;0;0;0;0;0;0;0;0;-100;0;0;0;0;0;0;1
243;J.J. Hardy;32;BAL;114;437;411;45;90;14;0;8;37;0;0;20;88;0.219;0.253;0.311;0.564;53;128;11;0;2;4;0;*6
244;Will Harris;30;HOU;68;1;1;0;0;0;0;0;0;0;0;0;1;0;0;0;0;-100;0;0;0;0;0;0;1
245;Matt Harrison*;29;TEX;3;3;2;0;0;0;0;0;0;0;0;0;1;0;0;0;0;-100;0;0;0;1;0;0;/1
246;LaTroy Hawkins;42;TOR;18;0;0;0;0;0;0;0;0;0;0;0;0;;;;;;0;0;0;0;0;0;1
247;Brett Hayes;31;CLE;14;36;32;4;5;0;0;3;6;0;0;3;7;0.156;0.229;0.438;0.666;73;14;0;0;1;0;0;2
248;Chase Headley#;31;NYY;156;642;580;74;150;29;1;11;62;0;2;51;135;0.259;0.324;0.369;0.693;93;214;17;7;0;4;0;*5/3
249;Andrew Heaney*;24;LAA;18;6;5;0;0;0;0;0;0;0;0;0;3;0;0;0;0;-100;0;0;0;1;0;0;1
250;Slade Heathcott*;24;NYY;17;30;25;6;10;2;0;2;8;0;1;2;5;0.4;0.429;0.72;1.149;211;18;0;0;0;1;0;/98
251;Heath Hembree;26;BOS;22;0;0;0;0;0;0;0;0;0;0;0;0;;;;;;0;0;0;0;0;0;1
252;Liam Hendriks;26;TOR;58;1;0;0;0;0;0;0;0;0;0;1;0;;1;;;;0;0;0;0;0;0;1
253;Felix Hernandez;29;SEA;31;3;3;0;0;0;0;0;0;0;0;0;1;0;0;0;0;-100;0;0;0;0;0;0;1
254;Roberto Hernandez;34;HOU;20;3;2;1;0;0;0;0;0;0;0;1;2;0;0.333;0;0.333;5;0;0;0;0;0;0;1
255;Kelvin Herrera;25;KCR;72;0;0;0;0;0;0;0;0;0;0;0;0;;;;;;0;0;0;0;0;0;1
256;Chris Herrmann*;27;MIN;45;113;103;13;15;5;1;2;10;0;0;7;37;0.146;0.214;0.272;0.486;31;28;1;2;1;0;0;2/39D
257;Aaron Hicks#;25;MIN;97;390;352;48;90;11;3;11;33;13;3;34;66;0.256;0.323;0.398;0.721;95;140;6;2;0;2;2;89/7
258;John Hicks;25;SEA;17;34;32;1;2;1;0;0;1;1;1;1;18;0.063;0.091;0.094;0.185;-47;3;0;0;1;0;0;2/D5
259;Luke Hochevar;31;KCR;50;0;0;0;0;0;0;0;0;0;0;0;0;;;;;;0;0;0;0;0;0;1
260;L.J. Hoes;25;HOU;8;16;15;1;4;0;0;0;1;0;0;1;3;0.267;0.313;0.267;0.579;63;4;0;0;0;0;0;/97
261;Bryan Holaday;27;DET;24;65;64;3;18;5;0;2;13;0;0;1;13;0.281;0.292;0.453;0.745;103;29;0;0;0;0;0;2/D34
262;Greg Holland;29;KCR;48;0;0;0;0;0;0;0;0;0;0;0;0;;;;;;0;0;0;0;0;0;1
263;Brock Holt*;27;BOS;129;509;454;56;127;27;6;2;45;8;1;46;97;0.28;0.349;0.379;0.727;96;172;7;3;4;2;0;45976/38D
264;Tyler Holt;26;CLE;9;21;20;2;2;0;0;0;0;0;0;1;9;0.1;0.143;0.1;0.243;-33;2;0;0;0;0;0;/879
265;Eric Hosmer*;25;KCR;158;667;599;98;178;33;5;18;93;7;3;61;108;0.297;0.363;0.459;0.822;122;275;16;3;1;3;6;*3/D9
266;Phil Hughes;29;MIN;27;3;3;0;0;0;0;0;0;0;0;0;0;0;0;0;0;-100;0;0;0;0;0;0;1
267;Tommy Hunter;28;BAL;39;0;0;0;0;0;0;0;0;0;0;0;0;;;;;;0;0;0;0;0;0;1
268;Torii Hunter;39;MIN;139;567;521;67;125;22;0;22;81;2;5;35;105;0.24;0.293;0.409;0.702;89;213;14;6;0;5;1;*9D
269;Drew Hutchison*;24;TOR;31;0;0;0;0;0;0;0;0;0;0;0;0;;;;;;0;0;0;0;0;0;1
270;Chris Iannetta;32;LAA;92;317;272;28;51;10;0;10;34;0;1;41;83;0.188;0.293;0.335;0.628;78;91;11;1;0;3;1;2/3D
271;Jose Iglesias;25;DET;120;454;416;44;125;17;3;2;23;11;8;25;44;0.3;0.347;0.37;0.717;100;154;10;6;4;3;2;*6
272;Omar Infante;33;KCR;124;455;440;39;97;23;7;2;44;2;2;9;69;0.22;0.234;0.318;0.552;49;140;8;0;2;4;0;*4
273;Hisashi Iwakuma;34;SEA;20;3;2;0;0;0;0;0;0;0;0;0;2;0;0;0;0;-100;0;0;0;1;0;0;1
274;Austin Jackson;28;SEA;107;448;419;46;114;18;3;8;38;15;9;24;107;0.272;0.312;0.387;0.699;97;162;4;1;3;1;0;8
275;Ryan Jackson;27;LAA;22;14;9;0;0;0;0;0;0;0;0;1;5;0;0.1;0;0.1;-68;0;1;0;4;0;0;4/65
276;Paul Janish;32;BAL;14;36;35;4;10;3;0;0;3;0;0;0;3;0.286;0.278;0.371;0.649;75;13;0;0;0;1;0;6/4
277;John Jaso*;31;TBR;70;216;185;23;53;17;0;5;22;1;2;28;39;0.286;0.38;0.459;0.839;132;85;5;1;0;2;1;D/79
278;Desmond Jennings;28;TBR;28;108;97;9;26;2;1;1;7;5;3;8;17;0.268;0.324;0.34;0.664;86;33;2;1;0;2;0;78/D
279;Kevin Jepsen;30;TBR;46;0;0;0;0;0;0;0;0;0;0;0;0;;;;;;0;0;0;0;0;0;1
280;Luis Jimenez;27;BOS;1;1;1;0;0;0;0;0;0;0;0;0;0;0;0;0;0;-100;0;0;0;0;0;0;/D
281;Ubaldo Jimenez;31;BAL;32;8;8;0;2;0;0;0;2;0;0;0;4;0.25;0.25;0.25;0.5;37;2;0;0;0;0;0;1
282;Chris Johnson;30;CLE;27;93;90;6;26;4;0;1;7;0;0;3;25;0.289;0.312;0.367;0.678;82;33;2;0;0;0;0;D3/5
283;Micah Johnson*;24;CHW;36;114;100;10;23;4;0;0;4;3;2;9;30;0.23;0.306;0.27;0.576;64;27;0;2;2;0;0;4
284;Adam Jones;29;BAL;137;581;546;74;147;25;3;27;82;3;1;24;102;0.269;0.308;0.474;0.782;109;259;21;8;0;3;3;*8/D
285;Garrett Jones*;34;NYY;57;152;144;12;31;4;1;5;17;0;0;8;37;0.215;0.257;0.361;0.618;69;52;1;0;0;0;0;93/D71
286;James Jones*;26;SEA;28;31;29;1;3;1;0;0;0;1;1;2;13;0.103;0.161;0.138;0.299;-14;4;0;0;0;0;0;8/97D
287;Caleb Joseph;29;BAL;100;355;320;38;75;16;1;11;49;0;0;27;72;0.234;0.299;0.394;0.693;87;126;7;3;3;1;2;2/D3
288;Matthew Joyce*;30;LAA;93;284;247;17;43;12;1;5;21;0;3;30;67;0.174;0.272;0.291;0.564;60;72;5;4;1;2;1;7D/9
289;Nate Karns;27;TBR;27;5;4;1;1;0;0;1;1;0;0;0;3;0.25;0.25;1;1.25;223;4;0;0;1;0;0;1
290;Munenori Kawasaki*;34;TOR;23;34;28;6;6;2;0;0;2;0;1;4;6;0.214;0.313;0.286;0.598;68;8;1;0;2;0;0;4/5
291;Scott Kazmir*;31;TOT;31;4;4;1;1;0;0;0;1;0;0;0;2;0.25;0.25;0.25;0.5;39;1;0;0;0;0;0;1
292;Scott Kazmir*;31;OAK;18;2;2;1;1;0;0;0;1;0;0;0;1;0.5;0.5;0.5;1;178;1;0;0;0;0;0;1
293;Scott Kazmir*;31;HOU;13;2;2;0;0;0;0;0;0;0;0;0;1;0;0;0;0;-100;0;0;0;0;0;0;1
294;Keone Kela;22;TEX;68;0;0;0;0;0;0;0;0;0;0;0;0;;;;;;0;0;0;0;0;0;1
295;Joe Kelly;27;BOS;25;5;5;0;1;0;0;0;1;0;0;0;2;0.2;0.2;0.2;0.4;9;1;0;0;0;0;0;1
296;Max Kepler*;22;MIN;3;7;7;0;1;0;0;0;0;0;0;0;3;0.143;0.143;0.143;0.286;-22;1;0;0;0;0;0;/9
297;Dallas Keuchel*;27;HOU;33;6;5;0;1;0;0;0;0;0;0;0;4;0.2;0.2;0.2;0.4;11;1;0;0;1;0;0;1
298;Kevin Kiermaier*;25;TBR;151;535;505;62;133;25;12;10;40;18;5;24;95;0.263;0.298;0.42;0.718;97;212;7;2;2;2;0;*8/9
299;Ian Kinsler;33;DET;154;675;624;94;185;35;7;11;73;10;6;43;80;0.296;0.342;0.428;0.77;113;267;13;3;0;5;0;*4/D
300;Jason Kipnis*;28;CLE;141;641;565;86;171;43;7;9;52;12;8;57;107;0.303;0.372;0.451;0.823;121;255;5;9;4;6;6;*4D
301;Corey Kluber;29;CLE;32;6;6;0;0;0;0;0;0;0;0;0;3;0;0;0;0;-100;0;1;0;0;0;0;1
302;Guido Knudson;25;DET;4;0;0;0;0;0;0;0;0;0;0;0;0;;;;;;0;0;0;0;0;0;/1
303;Erik Kratz;35;KCR;4;5;4;0;0;0;0;0;1;0;0;0;2;0;0;0;0;-100;0;0;0;0;1;0;/2
304;Marc Krauss*;27;TOT;27;81;78;3;11;3;0;2;8;0;0;3;31;0.141;0.173;0.256;0.429;18;20;0;0;0;0;0;3/D7
305;Marc Krauss*;27;LAA;11;38;35;2;5;2;0;1;5;0;0;3;11;0.143;0.211;0.286;0.496;39;10;0;0;0;0;0;/D37
306;Marc Krauss*;27;TBR;4;10;10;0;1;1;0;0;1;0;0;0;7;0.1;0.1;0.2;0.3;-20;2;0;0;0;0;0;/3
307;Marc Krauss*;27;DET;12;33;33;1;5;0;0;1;2;0;0;0;13;0.152;0.152;0.242;0.394;7;8;0;0;0;0;0;3
308;Ian Krol*;24;DET;33;0;0;0;0;0;0;0;0;0;0;0;0;;;;;;0;0;0;0;0;0;1
309;Kyle Kubitza*;24;LAA;19;39;36;6;7;0;0;0;1;0;0;3;15;0.194;0.256;0.194;0.451;31;7;2;0;0;0;0;5/47D
310;Tyler Ladendorf;27;OAK;9;18;17;3;4;0;1;0;2;0;0;1;2;0.235;0.278;0.353;0.631;73;6;0;0;0;0;0;/74856
311;Junior Lake;25;BAL;8;22;22;2;3;3;0;0;0;0;0;0;9;0.136;0.136;0.273;0.409;7;6;0;0;0;0;0;/78D
312;Adam LaRoche*;35;CHW;127;484;429;41;89;21;0;12;44;0;0;49;133;0.207;0.293;0.34;0.634;78;146;10;4;0;2;0;D3/1
313;Ryan Lavarnway;27;BAL;10;32;28;1;3;1;0;0;0;0;0;4;7;0.107;0.219;0.143;0.362;2;4;1;0;0;0;0;/2
314;Brett Lawrie;25;OAK;149;602;562;64;146;29;3;16;60;5;2;28;144;0.26;0.299;0.407;0.706;92;229;8;5;3;4;1;*54/D
315;Tommy Layne*;30;BOS;64;0;0;0;0;0;0;0;0;0;0;0;0;;;;;;0;0;0;0;0;0;1
316;Sandy Leon#;26;BOS;41;128;114;8;21;2;0;0;3;0;1;7;28;0.184;0.238;0.202;0.439;21;23;4;1;6;0;1;2/D5
317;Dominic Leone;23;SEA;10;0;0;0;0;0;0;0;0;0;0;0;0;;;;;;0;0;0;0;0;0;1
318;Colby Lewis;35;TEX;33;2;2;0;0;0;0;0;0;0;0;0;2;0;0;0;0;-100;0;0;0;0;0;0;1
319;Francisco Lindor#;21;CLE;99;438;390;50;122;22;4;12;51;12;2;27;69;0.313;0.353;0.482;0.835;122;188;12;1;13;7;0;6/D
320;James Loney*;31;TBR;104;388;361;25;101;16;0;4;32;2;4;23;34;0.28;0.322;0.357;0.68;89;129;10;1;0;3;5;3/D
321;Evan Longoria;29;TBR;160;670;604;74;163;35;1;21;73;3;1;51;132;0.27;0.328;0.435;0.764;110;263;11;6;0;9;8;*5D
322;David Lough*;29;BAL;84;144;134;14;27;1;1;4;12;2;4;5;36;0.201;0.241;0.313;0.555;50;42;0;2;3;0;0;78/9D
323;Aaron Loup*;27;TOR;60;0;0;0;0;0;0;0;0;0;0;0;0;;;;;;0;0;0;0;0;0;1
324;Mark Lowe*;32;TOT;57;0;0;0;0;0;0;0;0;0;0;0;0;;;;;;0;0;0;0;0;0;1
325;Mark Lowe*;32;SEA;34;0;0;0;0;0;0;0;0;0;0;0;0;;;;;;0;0;0;0;0;0;1
326;Mark Lowe*;32;TOR;23;0;0;0;0;0;0;0;0;0;0;0;0;;;;;;0;0;0;0;0;0;1
327;Jed Lowrie#;31;HOU;69;263;230;35;51;14;0;9;30;1;0;28;43;0.222;0.312;0.4;0.712;95;92;3;3;0;2;5;56/D
328;Dixon Machado;23;DET;24;78;68;6;16;3;0;0;5;1;0;7;14;0.235;0.307;0.279;0.586;65;19;3;0;3;0;0;6
329;Manny Machado;22;BAL;162;713;633;102;181;30;1;35;86;20;8;70;111;0.286;0.359;0.502;0.861;131;318;17;4;2;4;2;*5/6
330;Jean Machi;33;BOS;26;0;0;0;0;0;0;0;0;0;0;0;0;;;;;;0;0;0;0;0;0;1
331;Ryan Madson*;34;KCR;68;0;0;0;0;0;0;0;0;0;0;0;0;;;;;;0;0;0;0;0;0;1
332;Mikie Mahtook;25;TBR;41;115;105;22;31;5;1;9;19;4;3;6;31;0.295;0.351;0.619;0.97;162;65;0;3;1;0;0;789/D
333;Luke Maile;24;TBR;15;35;35;2;6;3;0;0;2;0;0;0;8;0.171;0.171;0.257;0.429;17;9;3;0;0;0;0;2
334;Jeff Manship;30;CLE;32;0;0;0;0;0;0;0;0;0;0;0;0;;;;;;0;0;0;0;0;0;1
335;Jake Marisnick;24;HOU;133;372;339;46;80;15;4;9;36;24;9;18;105;0.236;0.281;0.383;0.665;81;130;2;5;6;4;0;*879/D
336;Deven Marrero;24;BOS;25;56;53;8;12;0;0;1;3;2;1;3;19;0.226;0.268;0.283;0.551;49;15;0;0;0;0;0;5/6D4
337;Alfredo Marte;26;LAA;5;8;6;0;2;0;0;0;0;0;0;1;1;0.333;0.5;0.333;0.833;144;2;0;1;0;0;0;/7D9
338;Jefry Marte;24;DET;33;90;80;9;17;4;0;4;11;0;0;8;22;0.213;0.284;0.413;0.697;91;33;2;0;2;0;0;3/5D
339;Ketel Marte#;21;SEA;57;247;219;25;62;14;3;2;17;8;4;24;43;0.283;0.351;0.402;0.753;113;88;1;0;2;2;0;6/48
340;Chris Martin;29;NYY;24;0;0;0;0;0;0;0;0;0;0;0;0;;;;;;0;0;0;0;0;0;1
341;Leonys Martin*;27;TEX;95;310;288;26;63;12;0;5;25;14;5;16;69;0.219;0.264;0.313;0.576;55;90;5;2;3;1;1;8/D
342;Russell Martin;32;TOR;129;507;441;76;106;23;2;23;77;4;5;53;106;0.24;0.329;0.458;0.787;115;202;22;8;0;5;1;*2/D4
343;J.D. Martinez;27;DET;158;657;596;93;168;33;2;38;102;3;2;53;178;0.282;0.344;0.535;0.879;140;319;11;5;0;3;7;*9D
344;Michael Martinez#;32;CLE;16;32;30;7;8;2;0;0;2;0;1;1;12;0.267;0.29;0.333;0.624;68;10;1;0;1;0;0;/78D59
345;Nick Martinez*;24;TEX;24;4;4;2;0;0;0;0;0;0;0;0;1;0;0;0;0;-100;0;0;0;0;0;0;1
346;Victor Martinez#;36;DET;120;485;440;39;108;20;0;11;64;0;0;31;52;0.245;0.301;0.366;0.667;85;161;18;7;0;7;8;D3
347;Justin Masterson;30;BOS;18;3;3;0;2;0;0;0;1;0;0;0;1;0.667;0.667;0.667;1.333;262;2;0;0;0;0;0;1
348;Brian Matusz*;28;BAL;58;0;0;0;0;0;0;0;0;0;0;0;0;;;;;;0;0;0;0;0;0;1
349;Joe Mauer*;32;MIN;158;666;592;69;157;34;2;10;66;2;1;67;112;0.265;0.338;0.38;0.718;96;225;22;1;1;5;12;*3D
350;Trevor May;25;MIN;48;3;3;0;0;0;0;0;0;0;0;0;3;0;0;0;0;-100;0;0;0;0;0;0;1
351;Zach McAllister;27;CLE;61;0;0;0;0;0;0;0;0;0;0;0;0;;;;;;0;0;0;0;0;0;1
352;Brian McCann*;31;NYY;135;535;465;68;108;15;1;26;94;0;0;52;97;0.232;0.32;0.437;0.756;108;203;7;11;0;7;3;*23/D
353;James McCann;25;DET;114;425;401;32;106;18;5;7;41;0;1;16;90;0.264;0.297;0.387;0.683;88;155;17;3;4;1;0;*2/D
354;Lance McCullers*;21;HOU;22;2;2;0;0;0;0;0;0;0;0;0;1;0;0;0;0;-100;0;0;0;0;0;0;1
355;T.J. McFarland*;26;BAL;30;0;0;0;0;0;0;0;0;0;0;0;0;;;;;;0;0;0;0;0;0;1
356;Jake McGee*;28;TBR;39;0;0;0;0;0;0;0;0;0;0;0;0;;;;;;0;0;0;0;0;0;1
357;Collin McHugh;28;HOU;32;8;8;1;1;0;0;0;0;0;0;0;4;0.125;0.125;0.125;0.25;-30;1;0;0;0;0;0;1
358;Yoervis Medina;26;SEA;12;0;0;0;0;0;0;0;0;0;0;0;0;;;;;;0;0;0;0;0;0;1
359;Kris Medlen#;29;KCR;15;1;0;1;0;0;0;0;0;0;0;0;0;;;;;;0;0;0;1;0;0;1
360;Roman Mendez;24;TOT;15;0;0;0;0;0;0;0;0;0;0;0;0;;;;;;0;0;0;0;0;0;1
361;Roman Mendez;24;TEX;12;0;0;0;0;0;0;0;0;0;0;0;0;;;;;;0;0;0;0;0;0;1
362;Roman Mendez;24;BOS;3;0;0;0;0;0;0;0;0;0;0;0;0;;;;;;0;0;0;0;0;0;/1
363;Alex Meyer;25;MIN;2;0;0;0;0;0;0;0;0;0;0;0;0;;;;;;0;0;0;0;0;0;/1
364;Wade Miley*;28;BOS;32;2;2;0;0;0;0;0;0;0;0;0;0;0;0;0;0;-100;0;0;0;0;0;0;1
365;Andrew Miller*;30;NYY;60;0;0;0;0;0;0;0;0;0;0;0;0;;;;;;0;0;0;0;0;0;1
366;Brad Miller*;25;SEA;144;497;438;44;113;22;4;11;46;13;4;47;101;0.258;0.329;0.402;0.73;106;176;7;2;4;6;0;6874D/95
367;Tommy Milone*;28;MIN;24;2;2;0;0;0;0;0;0;0;0;0;1;0;0;0;0;-100;0;0;0;0;0;0;1
368;Bryan Mitchell*;24;NYY;20;1;1;0;0;0;0;0;0;0;0;0;1;0;0;0;0;-100;0;0;0;0;0;0;1
369;Jesus Montero;25;SEA;38;116;112;11;25;6;0;5;19;0;0;4;32;0.223;0.25;0.411;0.661;83;46;2;0;0;0;0;3/D
370;Mike Montgomery*;25;SEA;16;3;3;0;0;0;0;0;0;0;0;0;2;0;0;0;0;-100;0;0;0;0;0;0;1
371;Adam Moore;31;CLE;1;4;4;0;1;0;0;0;1;0;0;0;2;0.25;0.25;0.25;0.5;36;1;0;0;0;0;0;/2
372;Matt Moore*;26;TBR;12;2;1;0;0;0;0;0;0;0;0;0;0;0;0;0;0;-100;0;0;0;1;0;0;1
373;Franklin Morales*;29;KCR;67;0;0;0;0;0;0;0;0;0;0;0;0;;;;;;0;0;0;0;0;0;1
374;Kendrys Morales#;32;KCR;158;639;569;81;165;41;2;22;106;0;0;58;103;0.29;0.362;0.485;0.847;128;276;24;8;0;4;4;*D/3
375;Mitch Moreland*;29;TEX;132;515;471;51;131;27;0;23;85;1;0;32;112;0.278;0.33;0.482;0.812;116;227;9;7;0;5;2;*3/D
376;Mike Morin;24;LAA;47;0;0;0;0;0;0;0;0;0;0;0;0;;;;;;0;0;0;0;0;0;1
377;Logan Morrison*;27;SEA;146;511;457;47;103;15;3;17;54;8;4;47;81;0.225;0.302;0.383;0.685;92;175;7;4;1;2;5;*3/9D7
378;Brandon Moss*;31;CLE;94;375;337;36;73;17;1;15;50;0;0;32;106;0.217;0.288;0.407;0.695;84;137;9;3;0;3;2;93/D
379;Mike Moustakas*;26;KCR;147;614;549;73;156;34;1;22;82;1;2;43;76;0.284;0.348;0.47;0.817;120;258;14;13;4;5;1;*5
380;Steven Moya*;23;DET;9;25;22;1;4;0;1;0;0;0;0;3;10;0.182;0.28;0.273;0.553;55;6;0;0;0;0;0;/9D7
381;Edward Mujica;31;TOT;49;0;0;0;0;0;0;0;0;0;0;0;0;;;;;;0;0;0;0;0;0;1
382;Edward Mujica;31;BOS;11;0;0;0;0;0;0;0;0;0;0;0;0;;;;;;0;0;0;0;0;0;1
383;Edward Mujica;31;OAK;38;0;0;0;0;0;0;0;0;0;0;0;0;;;;;;0;0;0;0;0;0;1
384;Max Muncy*;24;OAK;45;112;102;14;21;8;1;3;9;0;0;9;31;0.206;0.268;0.392;0.66;79;40;0;0;0;1;0;35/D
385;David Murphy*;33;TOT;132;391;361;38;102;18;1;10;50;0;2;20;49;0.283;0.318;0.421;0.739;101;152;6;1;1;5;1;7D9/1
386;David Murphy*;33;CLE;84;229;206;22;61;12;1;5;27;0;1;16;29;0.296;0.344;0.437;0.781;108;90;4;1;1;4;1;D79/1
387;David Murphy*;33;LAA;48;162;155;16;41;6;0;5;23;0;1;4;20;0.265;0.281;0.4;0.681;90;62;2;0;0;1;0;7/D
388;John Ryan Murphy;24;NYY;67;172;155;21;43;9;1;3;14;0;0;12;43;0.277;0.327;0.406;0.734;103;63;4;1;1;3;0;2/D
389;Mike Napoli;33;TOT;133;469;407;46;91;20;1;18;50;3;3;57;118;0.224;0.324;0.41;0.734;96;167;11;4;0;1;3;*37/D
390;Mike Napoli;33;BOS;98;378;329;37;68;18;1;13;40;3;1;45;99;0.207;0.307;0.386;0.693;85;127;10;3;0;1;2;3/D
391;Mike Napoli;33;TEX;35;91;78;9;23;2;0;5;10;0;2;12;19;0.295;0.396;0.513;0.908;143;40;1;1;0;0;1;37/D
392;Daniel Nava#;32;TOT;60;166;139;13;27;4;0;1;10;1;0;20;36;0.194;0.315;0.245;0.56;57;34;4;5;1;1;0;937/D
393;Daniel Nava#;32;BOS;29;78;66;6;10;2;0;0;7;0;0;8;17;0.152;0.26;0.182;0.442;23;12;3;2;1;1;0;9/73D
394;Daniel Nava#;32;TBR;31;88;73;7;17;2;0;1;3;1;0;12;19;0.233;0.364;0.301;0.665;89;22;1;3;0;0;0;9/37
395;Dioner Navarro#;31;TOR;54;192;171;17;42;7;0;5;20;0;0;17;29;0.246;0.307;0.374;0.682;88;64;0;0;0;4;1;2D
396;Efren Navarro*;29;LAA;54;88;83;9;21;4;0;0;5;0;2;5;16;0.253;0.295;0.301;0.597;70;25;5;0;0;0;1;37/9D
397;Rey Navarro#;25;BAL;10;30;29;5;8;2;0;1;3;0;0;0;3;0.276;0.276;0.448;0.724;93;13;0;0;1;0;0;/4
398;Angel Nesbitt;24;DET;24;0;0;0;0;0;0;0;0;0;0;0;0;;;;;;0;0;0;0;0;0;1
399;Pat Neshek#;34;HOU;66;0;0;0;0;0;0;0;0;0;0;0;0;;;;;;0;0;0;0;0;0;1
400;Kirk Nieuwenhuis*;27;LAA;10;24;22;4;3;2;0;0;1;0;1;2;9;0.136;0.208;0.227;0.436;24;5;0;0;0;0;0;78/9
401;Rico Noel;26;NYY;15;2;2;5;1;0;0;0;0;5;2;0;0;0.5;0.5;0.5;1;180;1;0;0;0;0;0;/D9
402;Hector Noesi;28;CHW;10;0;0;0;0;0;0;0;0;0;0;0;0;;;;;;0;0;0;0;0;0;1
403;Ricky Nolasco;32;MIN;9;3;3;0;0;0;0;0;0;0;0;0;3;0;0;0;0;-100;0;0;0;0;0;0;/1
404;Bud Norris;30;BAL;18;4;4;0;0;0;0;0;0;0;0;0;1;0;0;0;0;-100;0;0;0;0;0;0;1
405;Daniel Norris*;22;DET;8;3;2;1;1;0;0;1;2;0;0;1;1;0.5;0.667;2;2.667;600;4;0;0;0;0;0;/1
406;Eduardo Nunez;28;MIN;72;204;188;23;53;14;1;4;20;8;4;12;29;0.282;0.327;0.431;0.758;104;81;1;1;2;1;0;65D/74
407;Vidal Nuno*;27;SEA;32;2;2;0;1;0;0;0;1;0;0;0;0;0.5;0.5;0.5;1;185;1;0;0;0;0;0;1
408;Darren O'Day;32;BAL;68;0;0;0;0;0;0;0;0;0;0;0;0;;;;;;0;0;0;0;0;0;1
409;Eric O'Flaherty*;30;OAK;25;0;0;0;0;0;0;0;0;0;0;0;0;;;;;;0;0;0;0;0;0;1
410;Shawn O'Malley#;27;SEA;24;57;42;10;11;1;0;1;7;3;0;12;14;0.262;0.418;0.357;0.775;123;15;0;0;2;1;0;8/759D
411;Brett Oberholtzer*;25;HOU;8;3;0;0;0;0;0;0;0;0;0;1;0;;1;;;;0;0;0;2;0;0;/1
412;Rougned Odor*;21;TEX;120;470;426;54;111;21;9;16;61;6;7;23;79;0.261;0.316;0.465;0.781;107;198;3;14;2;5;2;*4
413;Jake Odorizzi;25;TBR;28;4;4;0;0;0;0;0;0;0;0;0;2;0;0;0;0;-100;0;0;0;0;0;0;1
414;Alexi Ogando;31;BOS;64;0;0;0;0;0;0;0;0;0;0;0;0;;;;;;0;0;0;0;0;0;1
415;Ross Ohlendorf;32;TEX;21;0;0;0;0;0;0;0;0;0;0;0;0;;;;;;0;0;0;0;0;0;1
416;Tyler Olson;25;SEA;11;0;0;0;0;0;0;0;0;0;0;0;0;;;;;;0;0;0;0;0;0;1
417;Mike Olt;26;CHW;24;86;79;6;16;0;0;3;4;0;1;7;29;0.203;0.267;0.316;0.584;63;25;2;0;0;0;0;5/3
418;Paulo Orlando;29;KCR;86;251;241;31;60;14;6;7;27;3;3;5;53;0.249;0.269;0.444;0.713;90;107;0;2;2;1;0;97/8D
419;David Ortiz*;39;BOS;146;614;528;73;144;37;0;37;108;0;1;77;95;0.273;0.36;0.553;0.913;141;292;16;0;0;9;16;*D/3
420;Roberto Osuna;20;TOR;68;0;0;0;0;0;0;0;0;0;0;0;0;;;;;;0;0;0;0;0;0;1
421;Dan Otero;30;OAK;41;0;0;0;0;0;0;0;0;0;0;0;0;;;;;;0;0;0;0;0;0;1
422;Henry Owens*;22;BOS;11;2;2;0;0;0;0;0;0;0;0;0;2;0;0;0;0;-100;0;0;0;0;0;0;1
423;Jimmy Paredes#;26;BAL;104;384;363;46;100;17;2;10;42;4;4;19;111;0.275;0.31;0.416;0.726;96;151;8;0;0;2;0;D/5497
424;Chris Parmelee*;27;BAL;32;102;97;11;21;7;1;4;9;0;1;4;26;0.216;0.255;0.433;0.688;83;42;1;1;0;0;0;3/9
425;Gerardo Parra*;28;BAL;55;238;224;30;53;12;0;5;20;5;1;8;35;0.237;0.268;0.357;0.625;69;80;1;2;3;1;1;98/7
426;Andy Parrino#;29;OAK;17;8;6;1;0;0;0;0;0;0;0;2;5;0;0.25;0;0.25;-21;0;0;0;0;0;0;6/5
427;Spencer Patton;27;TEX;27;0;0;0;0;0;0;0;0;0;0;0;0;;;;;;0;0;0;0;0;0;1
428;James Paxton*;26;SEA;13;2;2;0;0;0;0;0;0;0;0;0;2;0;0;0;0;-100;0;0;0;0;0;0;1
429;James Pazos;24;NYY;11;0;0;0;0;0;0;0;0;0;0;0;0;;;;;;0;0;0;0;0;0;1
430;Steve Pearce;32;BAL;92;325;294;42;64;13;1;15;40;1;1;23;69;0.218;0.289;0.422;0.711;91;124;11;7;0;1;1;734/9D
431;Dustin Pedroia;31;BOS;93;425;381;46;111;19;1;12;42;2;2;38;51;0.291;0.356;0.441;0.797;113;168;6;2;1;3;1;4/D
432;Carlos Peguero*;28;TOT;34;90;75;11;14;4;0;4;9;2;0;13;37;0.187;0.311;0.4;0.711;91;30;1;1;0;1;0;7/98
433;Carlos Peguero*;28;TEX;30;84;70;10;13;4;0;4;9;2;0;12;36;0.186;0.31;0.414;0.724;93;29;1;1;0;1;0;7/98
434;Carlos Peguero*;28;BOS;4;6;5;1;1;0;0;0;0;0;0;1;1;0.2;0.333;0.2;0.533;49;1;0;0;0;0;0;/7
435;Mike Pelfrey;31;MIN;30;3;3;0;2;0;0;0;0;0;0;0;1;0.667;0.667;0.667;1.333;266;2;0;0;0;0;0;1
436;Francisco Pena;25;KCR;8;7;7;0;1;0;0;0;0;0;0;0;3;0.143;0.143;0.143;0.286;-22;1;1;0;0;0;0;/2
437;Cliff Pennington#;31;TOR;33;92;75;9;12;3;0;2;11;0;0;11;20;0.16;0.27;0.28;0.55;53;21;2;1;3;2;0;4/567D
438;Carlos Perez;24;LAA;86;283;260;20;65;13;0;4;21;2;0;19;49;0.25;0.299;0.346;0.645;82;90;7;0;2;2;0;2/3D
439;Hernan Perez;24;DET;22;34;33;1;2;0;0;0;0;1;0;1;11;0.061;0.088;0.061;0.149;-57;2;2;0;0;0;0;/5436D
440;Martin Perez*;24;TEX;14;2;2;0;0;0;0;0;0;0;0;0;2;0;0;0;0;-100;0;0;0;0;0;0;1
441;Oliver Perez*;33;HOU;22;0;0;0;0;0;0;0;0;0;0;0;0;;;;;;0;0;0;0;0;0;1
442;Roberto Perez;26;CLE;70;226;184;30;42;9;1;7;21;0;0;33;64;0.228;0.348;0.402;0.751;102;74;9;2;5;2;1;2/D
443;Salvador Perez;25;KCR;142;553;531;52;138;25;0;21;70;1;0;13;82;0.26;0.28;0.426;0.706;89;226;23;4;0;5;4;*2/D3
444;Glen Perkins*;32;MIN;60;0;0;0;0;0;0;0;0;0;0;0;0;;;;;;0;0;0;0;0;0;1
445;Vinnie Pestano;30;LAA;19;0;0;0;0;0;0;0;0;0;0;0;0;;;;;;0;0;0;0;0;0;1
446;Gregorio Petit;30;NYY;20;47;42;7;7;3;0;0;5;0;0;3;16;0.167;0.217;0.238;0.455;27;10;0;0;1;1;1;4/5D
447;Jake Petricka;27;CHW;62;0;0;0;0;0;0;0;0;0;0;0;0;;;;;;0;0;0;0;0;0;1
448;Josh Phegley;27;OAK;73;243;225;27;56;16;1;9;34;0;0;14;51;0.249;0.3;0.449;0.749;103;101;5;3;0;1;0;2
449;Kevin Pillar;26;TOR;159;628;586;76;163;31;2;12;56;25;4;28;85;0.278;0.314;0.399;0.713;96;234;9;5;4;5;1;*87/9
450;Stolmy Pimentel;25;TEX;8;0;0;0;0;0;0;0;0;0;0;0;0;;;;;;0;0;0;0;0;0;/1
451;Branden Pinder;26;NYY;25;1;1;0;1;1;0;0;1;0;0;0;0;1;1;2;3;704;2;0;0;0;0;0;1
452;Michael Pineda;26;NYY;27;2;2;0;0;0;0;0;0;0;0;0;1;0;0;0;0;-100;0;0;0;0;0;0;1
453;Jose Pirela;25;NYY;37;78;74;7;17;3;0;1;5;1;0;2;16;0.23;0.247;0.311;0.558;54;23;4;0;1;1;0;4/D79
454;Trevor Plouffe;29;MIN;152;632;573;74;140;35;4;22;86;2;1;50;124;0.244;0.307;0.435;0.742;99;249;28;4;1;4;0;*53
455;Jorge Polanco#;21;MIN;4;12;10;1;3;0;0;0;1;1;0;2;1;0.3;0.417;0.3;0.717;101;3;0;0;0;0;0;/6
456;Drew Pomeranz;26;OAK;53;0;0;0;0;0;0;0;0;0;0;0;0;;;;;;0;0;0;0;0;0;1
457;Dalton Pompey#;22;TOR;34;103;94;17;21;8;0;2;6;5;1;7;23;0.223;0.291;0.372;0.664;82;35;1;2;0;0;0;8/7D
458;Rick Porcello;26;BOS;28;2;2;0;0;0;0;0;0;0;0;0;2;0;0;0;0;-100;0;0;0;0;0;0;1
459;Alex Presley*;29;HOU;8;13;12;1;3;0;0;0;1;0;0;1;5;0.25;0.308;0.25;0.558;57;3;0;0;0;0;0;/789
460;Ryan Pressly;26;MIN;27;0;0;0;0;0;0;0;0;0;0;0;0;;;;;;0;0;0;0;0;0;1
461;David Price*;29;TOT;32;9;9;0;0;0;0;0;0;0;0;0;3;0;0;0;0;-100;0;1;0;0;0;0;1
462;David Price*;29;DET;21;5;5;0;0;0;0;0;0;0;0;0;3;0;0;0;0;-100;0;0;0;0;0;0;1
463;David Price*;29;TOR;11;4;4;0;0;0;0;0;0;0;0;0;0;0;0;0;0;-100;0;1;0;0;0;0;1
464;Jason Pridie*;31;OAK;6;10;9;0;0;0;0;0;0;0;0;1;4;0;0.1;0;0.1;-69;0;0;0;0;0;0;/98D7
465;Albert Pujols;35;LAA;157;661;602;85;147;22;0;40;95;5;3;50;72;0.244;0.307;0.48;0.787;118;289;15;6;0;3;10;3D/5
466;Zach Putnam;27;CHW;49;0;0;0;0;0;0;0;0;0;0;0;0;;;;;;0;0;0;0;0;0;1
467;Chad Qualls;36;HOU;60;0;0;0;0;0;0;0;0;0;0;0;0;;;;;;0;0;0;0;0;0;1
468;Jose Quintana;26;CHW;32;9;8;0;0;0;0;0;0;0;0;0;5;0;0;0;0;-100;0;0;0;1;0;0;1
469;Ryan Raburn;34;CLE;82;201;173;22;52;16;1;8;29;0;0;23;44;0.301;0.393;0.543;0.936;149;94;5;4;0;1;3;D79/1
470;Alexei Ramirez;33;CHW;154;622;583;54;145;33;0;10;62;17;7;31;68;0.249;0.285;0.357;0.642;79;208;18;1;1;6;2;*6/D1
471;Erasmo Ramirez;25;TBR;34;2;2;0;0;0;0;0;0;0;0;0;2;0;0;0;0;-100;0;0;0;0;0;0;1
472;Hanley Ramirez;31;BOS;105;430;401;59;100;12;1;19;53;6;3;21;71;0.249;0.291;0.426;0.717;90;171;11;4;0;4;2;7D/5
473;Jose Ramirez#;22;CLE;97;355;315;50;69;14;3;6;27;10;4;32;39;0.219;0.291;0.34;0.631;70;107;5;1;5;2;0;645/7D
474;Jose Ramirez;25;NYY;3;0;0;0;0;0;0;0;0;0;0;0;0;;;;;;0;0;0;0;0;0;/1
475;Cesar Ramos*;31;LAA;65;0;0;0;0;0;0;0;0;0;0;0;0;;;;;;0;0;0;0;0;0;1
476;Anthony Ranaudo;25;TEX;4;2;2;0;0;0;0;0;0;0;0;0;2;0;0;0;0;-100;0;0;0;0;0;0;/1
477;Colby Rasmus*;28;HOU;137;485;432;67;103;23;2;25;61;2;1;47;154;0.238;0.314;0.475;0.789;113;205;6;2;1;3;0;*789
478;Cory Rasmus;27;LAA;16;1;1;0;0;0;0;0;0;0;0;0;0;0;0;0;0;-100;0;0;0;0;0;0;1
479;Rob Rasmussen;26;SEA;19;0;0;0;0;0;0;0;0;0;0;0;0;;;;;;0;0;0;0;0;0;1
480;Josh Reddick*;28;OAK;149;582;526;67;143;25;4;20;77;10;2;49;65;0.272;0.333;0.449;0.781;113;236;7;0;1;2;1;*9/D8
481;Rob Refsnyder;24;NYY;16;47;43;3;13;3;0;2;5;2;0;3;7;0.302;0.348;0.512;0.859;135;22;3;0;0;0;1;4
482;Nolan Reimold;31;BAL;61;195;170;24;42;5;1;6;20;0;0;23;47;0.247;0.344;0.394;0.738;101;67;2;2;0;0;2;79/8D
483;Ben Revere*;27;TOR;56;246;226;35;72;9;1;1;19;7;2;13;28;0.319;0.354;0.381;0.734;104;86;1;1;3;3;0;7/8
484;Jose Reyes#;32;TOR;69;311;288;36;82;17;0;4;34;16;2;17;38;0.285;0.322;0.385;0.708;95;111;3;0;4;2;0;6
485;Alex Rios;34;KCR;105;411;385;40;98;22;2;4;32;9;0;15;67;0.255;0.287;0.353;0.64;73;136;10;5;0;6;0;9
486;Rene Rivera;31;TBR;110;319;298;16;53;14;0;5;26;0;0;11;86;0.178;0.213;0.275;0.489;35;82;4;3;5;2;0;2/3D
487;Dan Robertson;29;LAA;37;80;75;10;21;2;0;0;7;0;0;2;7;0.28;0.299;0.307;0.605;72;23;1;0;3;0;1;7/89
488;David Robertson;30;CHW;60;0;0;0;0;0;0;0;0;0;0;0;0;;;;;;0;0;0;0;0;0;1
489;Shane Robinson;30;MIN;83;197;180;28;45;7;3;0;16;6;1;12;29;0.25;0.299;0.322;0.621;70;58;4;1;3;1;0;789/D1
490;Fernando Rodney;38;SEA;54;0;0;0;0;0;0;0;0;0;0;0;0;;;;;;0;0;0;0;0;0;1
491;Carlos Rodon*;22;CHW;26;3;1;0;0;0;0;0;0;0;0;0;1;0;0;0;0;-100;0;0;0;2;0;0;1
492;Alex Rodriguez;39;NYY;151;620;523;83;131;22;1;33;86;4;0;84;145;0.25;0.356;0.486;0.842;131;254;17;6;0;7;5;*D/53
493;Eduardo Rodriguez*;22;BOS;21;3;2;0;0;0;0;0;0;0;0;0;2;0;0;0;0;-100;0;0;0;1;0;0;1
494;Fernando Rodriguez;31;OAK;56;0;0;0;0;0;0;0;0;0;0;0;0;;;;;;0;0;0;0;0;0;1
495;Wandy Rodriguez#;36;TEX;17;2;2;1;1;0;0;0;0;0;0;0;0;0.5;0.5;0.5;1;173;1;0;0;0;0;0;1
496;Chaz Roe;28;BAL;36;0;0;0;0;0;0;0;0;0;0;0;0;;;;;;0;0;0;0;0;0;1
497;Esmil Rogers;29;NYY;18;0;0;0;0;0;0;0;0;0;0;0;0;;;;;;0;0;0;0;0;0;1
498;Stefen Romero;26;SEA;13;24;21;6;4;1;0;1;3;0;0;3;6;0.19;0.292;0.381;0.673;89;8;0;0;0;0;0;/798
499;Andrew Romine#;29;DET;109;203;184;25;47;5;0;2;15;10;5;11;46;0.255;0.307;0.315;0.622;74;58;4;3;4;1;1;5634/7D
500;Austin Romine;26;NYY;1;2;2;0;0;0;0;0;0;0;0;0;0;0;0;0;0;-100;0;0;0;0;0;0;/3
501;Bruce Rondon;24;DET;35;0;0;0;0;0;0;0;0;0;0;0;0;;;;;;0;0;0;0;0;0;1
502;Adam Rosales;32;TEX;55;125;114;14;26;4;0;3;7;4;4;10;30;0.228;0.296;0.342;0.638;72;39;4;1;0;0;0;345/1D7
503;Eddie Rosario*;23;MIN;122;474;453;60;121;18;15;13;50;11;6;15;118;0.267;0.289;0.459;0.748;99;208;5;0;3;3;3;*79/8
504;Cody Ross;34;OAK;9;25;22;3;2;0;0;0;3;0;0;3;6;0.091;0.2;0.091;0.291;-15;2;0;0;0;0;0;/97D
505;Robbie Ross*;26;BOS;54;0;0;0;0;0;0;0;0;0;0;0;0;;;;;;0;0;0;0;0;0;1
506;Ryan Rua;25;TEX;28;86;83;10;16;5;0;4;7;0;0;3;32;0.193;0.221;0.398;0.619;62;33;2;0;0;0;0;7/39
507;Drew Rucinski;26;LAA;4;0;0;0;0;0;0;0;0;0;0;0;0;;;;;;0;0;0;0;0;0;/1
508;Justin Ruggiano;33;SEA;36;81;70;8;15;4;0;2;3;3;2;11;27;0.214;0.321;0.357;0.678;92;25;0;0;0;0;0;89/7D
509;Nick Rumbelow;23;NYY;17;0;0;0;0;0;0;0;0;0;0;0;0;;;;;;0;0;0;0;0;0;1
510;Josh Rutledge;26;BOS;39;85;74;11;21;1;0;1;10;0;0;5;26;0.284;0.333;0.338;0.671;82;25;0;2;1;3;1;4/5D
511;Brendan Ryan;33;NYY;47;103;96;10;22;6;2;0;8;0;0;5;29;0.229;0.275;0.333;0.608;68;32;1;1;1;0;0;45/6391
512;Marc Rzepczynski*;29;CLE;45;0;0;0;0;0;0;0;0;0;0;0;0;;;;;;0;0;0;0;0;0;1
513;CC Sabathia*;34;NYY;29;3;3;0;0;0;0;0;0;0;0;0;2;0;0;0;0;-100;0;0;0;0;0;0;1
514;Tyler Saladino;25;CHW;68;254;236;33;53;6;4;4;20;8;2;12;51;0.225;0.267;0.335;0.602;68;79;9;2;3;1;0;56/3
515;Fernando Salas;30;LAA;72;0;0;0;0;0;0;0;0;0;0;0;0;;;;;;0;0;0;0;0;0;1
516;Danny Salazar*;25;CLE;30;4;4;0;0;0;0;0;0;0;0;0;4;0;0;0;0;-100;0;0;0;0;0;0;1
517;Chris Sale*;26;CHW;31;9;9;1;1;0;0;0;0;0;0;0;4;0.111;0.111;0.111;0.222;-37;1;0;0;0;0;0;1
518;Jeff Samardzija;30;CHW;32;2;2;0;1;0;0;0;0;0;0;0;1;0.5;0.5;0.5;1;183;1;0;0;0;0;0;1
519;Aaron Sanchez;22;TOR;41;0;0;0;0;0;0;0;0;0;0;0;0;;;;;;0;0;0;0;0;0;1
520;Anibal Sanchez;31;DET;25;4;4;0;0;0;0;0;0;0;0;0;4;0;0;0;0;-100;0;0;0;0;0;0;1
521;Carlos Sanchez#;23;CHW;120;420;389;40;87;23;1;5;31;2;2;19;81;0.224;0.268;0.326;0.595;66;127;9;5;6;1;0;*4/D
522;Gary Sanchez;22;NYY;2;2;2;0;0;0;0;0;0;0;0;0;1;0;0;0;0;-100;0;0;0;0;0;0;
523;Pablo Sandoval#;28;BOS;126;505;470;43;115;25;1;10;47;0;0;25;73;0.245;0.292;0.366;0.658;76;172;14;7;1;2;1;*5
524;Jerry Sands;27;CLE;50;133;123;11;29;5;1;4;19;0;0;9;36;0.236;0.286;0.39;0.676;80;48;0;0;0;1;0;93/7D
525;Miguel Sano;22;MIN;80;335;279;46;75;17;1;18;52;1;1;53;119;0.269;0.385;0.53;0.916;146;148;4;1;0;2;1;D/53
526;Carlos Santana#;29;CLE;154;666;550;72;127;29;2;19;85;11;3;108;122;0.231;0.357;0.395;0.752;103;217;20;3;0;5;8;*3D
527;Danny Santana#;24;MIN;91;277;261;30;56;10;5;0;21;8;4;6;68;0.215;0.241;0.291;0.532;44;76;7;3;7;0;1;6/8D9
528;Domingo Santana;22;HOU;14;42;39;6;10;2;0;2;8;2;1;2;17;0.256;0.31;0.462;0.771;109;18;1;1;0;0;0;/978
529;Hector Santiago;27;LAA;33;5;5;0;1;0;0;0;0;0;0;0;3;0.2;0.2;0.2;0.4;14;1;1;0;0;0;0;1
530;Sergio Santos;31;NYY;2;0;0;0;0;0;0;0;0;0;0;0;0;;;;;;0;0;0;0;0;0;/1
531;Michael Saunders*;28;TOR;9;36;31;2;6;0;0;0;3;0;0;5;10;0.194;0.306;0.194;0.499;43;6;1;0;0;0;0;/97
532;Jordan Schafer*;28;MIN;27;74;69;9;15;3;0;0;5;0;3;3;23;0.217;0.25;0.261;0.511;40;18;0;0;2;0;0;8/7
533;Tanner Scheppers;28;TEX;42;0;0;0;0;0;0;0;0;0;0;0;0;;;;;;0;0;0;0;0;0;1
534;Jonathan Schoop;23;BAL;86;321;305;34;85;17;0;15;39;2;0;9;79;0.279;0.306;0.482;0.788;110;147;9;4;1;2;0;4
535;Bo Schultz;29;TOR;31;0;0;0;0;0;0;0;0;0;0;0;0;;;;;;0;0;0;0;0;0;1
536;Evan Scribner;29;OAK;54;0;0;0;0;0;0;0;0;0;0;0;0;;;;;;0;0;0;0;0;0;1
537;Kyle Seager*;27;SEA;161;686;623;85;166;37;0;26;74;6;6;54;98;0.266;0.328;0.451;0.779;118;281;17;5;0;4;6;*5/6
538;Marcus Semien;24;OAK;155;601;556;65;143;23;7;15;45;11;5;42;132;0.257;0.31;0.405;0.715;95;225;16;1;1;1;1;*6
539;Luis Severino;21;NYY;11;2;2;0;0;0;0;0;0;0;0;0;0;0;0;0;0;-100;0;0;0;0;0;0;1
540;Richie Shaffer;24;TBR;31;88;74;11;14;3;0;4;6;0;1;10;32;0.189;0.307;0.392;0.699;93;29;2;3;0;1;0;3/D597
541;Bryan Shaw#;27;CLE;74;0;0;0;0;0;0;0;0;0;0;0;0;;;;;;0;0;0;0;0;0;1
542;Travis Shaw*;25;BOS;65;248;226;31;61;10;0;13;36;0;1;18;57;0.27;0.327;0.487;0.813;115;110;1;2;0;2;1;3/57
543;Matt Shoemaker;28;LAA;25;2;1;0;0;0;0;0;0;0;0;1;0;0;0.5;0;0.5;61;0;0;0;0;0;0;1
544;Chasen Shreve*;24;NYY;59;0;0;0;0;0;0;0;0;0;0;0;0;;;;;;0;0;0;0;0;0;1
545;J.B. Shuck*;28;CHW;79;165;143;15;38;8;2;0;15;7;5;16;16;0.266;0.34;0.35;0.689;95;50;2;1;3;2;0;987
546;Alfredo Simon;34;DET;31;5;5;0;0;0;0;0;0;0;0;0;2;0;0;0;0;-100;0;0;0;0;0;0;1
547;Jon Singleton*;23;HOU;19;58;47;6;9;2;0;1;6;1;0;10;17;0.191;0.328;0.298;0.625;75;14;0;0;0;1;0;3/D
548;Tony Sipp*;31;HOU;60;0;0;0;0;0;0;0;0;0;0;0;0;;;;;;0;0;0;0;0;0;1
549;Grady Sizemore*;32;TBR;58;192;175;20;45;12;0;6;27;3;3;14;37;0.257;0.318;0.429;0.746;105;75;1;2;0;1;0;79D
550;Carson Smith;25;SEA;70;0;0;0;0;0;0;0;0;0;0;0;0;;;;;;0;0;0;0;0;0;1
551;Joe Smith;31;LAA;70;0;0;0;0;0;0;0;0;0;0;0;0;;;;;;0;0;0;0;0;0;1
552;Seth Smith*;32;SEA;136;452;395;54;98;31;5;12;42;0;0;47;99;0.248;0.33;0.443;0.773;117;175;15;4;1;5;4;*79D
553;Justin Smoak#;28;TOR;132;328;296;44;67;16;1;18;59;0;0;29;86;0.226;0.299;0.47;0.768;108;139;10;2;0;1;0;*3/D
554;Jake Smolinski;26;TOT;76;192;166;24;32;7;2;6;26;1;1;19;39;0.193;0.281;0.367;0.649;76;61;3;3;0;4;0;79/D
555;Jake Smolinski;26;TEX;35;74;60;12;8;1;0;1;6;1;0;11;20;0.133;0.27;0.2;0.47;31;12;1;1;0;2;0;7/9D
556;Jake Smolinski;26;OAK;41;118;106;12;24;6;2;5;20;0;1;8;19;0.226;0.288;0.462;0.75;102;49;2;2;0;2;0;79
557;Travis Snider*;27;BAL;69;236;211;23;50;9;2;3;20;1;0;23;56;0.237;0.318;0.341;0.659;80;72;3;2;0;0;1;79/D
558;Eric Sogard*;29;OAK;120;401;372;40;92;12;3;1;37;6;1;23;50;0.247;0.294;0.304;0.598;66;113;9;2;3;1;1;46/D5
559;Joakim Soria;31;DET;43;0;0;0;0;0;0;0;0;0;0;0;0;;;;;;0;0;0;0;0;0;1
560;Geovany Soto;32;CHW;78;210;187;20;41;8;0;9;21;0;1;21;63;0.219;0.301;0.406;0.708;96;76;2;1;1;0;0;2/D
561;Steven Souza;26;TBR;110;426;373;59;84;15;1;16;40;12;6;46;144;0.225;0.318;0.399;0.717;98;149;7;5;1;1;0;9/D
562;George Springer;25;HOU;102;451;388;59;107;19;2;16;41;16;4;50;109;0.276;0.367;0.459;0.826;126;178;4;8;2;3;0;98
563;Max Stassi;24;HOU;11;17;15;4;6;0;0;1;2;0;0;1;5;0.4;0.438;0.6;1.038;183;9;1;0;1;0;0;2/D
564;Ryan Strausborger;27;TEX;31;51;45;9;9;0;0;1;3;2;1;3;11;0.2;0.24;0.267;0.507;37;12;1;0;1;2;0;7/D9
565;Huston Street;31;LAA;62;0;0;0;0;0;0;0;0;0;0;0;0;;;;;;0;0;0;0;0;0;1
566;Drew Stubbs;30;TEX;27;26;21;6;2;1;0;0;0;3;0;5;10;0.095;0.269;0.143;0.412;17;3;0;0;0;0;0;8/7D
567;Jesus Sucre;27;SEA;52;142;127;9;20;6;0;1;7;0;0;6;21;0.157;0.195;0.228;0.424;20;29;6;0;9;0;0;2/1
568;Kurt Suzuki;31;MIN;131;479;433;36;104;17;0;5;50;0;0;29;59;0.24;0.296;0.314;0.61;67;136;14;7;6;4;4;*2
569;Blake Swihart#;23;BOS;84;309;288;47;79;17;1;5;31;4;2;18;77;0.274;0.319;0.392;0.712;90;113;8;1;2;0;0;2
570;Nick Swisher#;34;CLE;30;111;101;6;20;4;0;2;8;0;0;8;24;0.198;0.261;0.297;0.558;50;30;2;1;0;1;1;D/9
571;Masahiro Tanaka;26;NYY;24;8;7;0;0;0;0;0;0;0;0;1;2;0;0.125;0;0.125;-60;0;0;0;0;0;0;1
572;Chris Taylor;24;SEA;37;102;94;9;16;3;1;0;1;3;2;6;31;0.17;0.22;0.223;0.443;26;21;0;0;2;0;0;6/4D5
573;Junichi Tazawa;29;BOS;61;0;0;0;0;0;0;0;0;0;0;0;0;;;;;;0;0;0;0;0;0;1
574;Mark Teixeira#;35;NYY;111;462;392;57;100;22;0;31;79;2;0;59;85;0.255;0.357;0.548;0.906;147;215;7;6;0;5;6;3/D
575;Tomas Telis#;24;TEX;6;12;11;1;2;0;0;0;2;0;0;0;1;0.182;0.25;0.182;0.432;20;2;0;1;0;0;0;/2
576;Ryan Tepera;27;TOR;32;0;0;0;0;0;0;0;0;0;0;0;0;;;;;;0;0;0;0;0;0;1
577;Joe Thatcher*;33;HOU;43;0;0;0;0;0;0;0;0;0;0;0;0;;;;;;0;0;0;0;0;0;1
578;Josh Thole*;28;TOR;18;52;49;5;10;2;0;0;2;0;0;3;9;0.204;0.25;0.245;0.495;38;12;2;0;0;0;0;2
579;Aaron Thompson*;28;MIN;41;0;0;0;0;0;0;0;0;0;0;0;0;;;;;;0;0;0;0;0;0;1
580;Trayce Thompson;24;CHW;44;135;122;17;36;8;3;5;16;1;0;13;26;0.295;0.363;0.533;0.896;147;65;3;0;0;0;0;978/D
581;Chris Tillman;27;BAL;31;2;2;0;0;0;0;0;0;0;0;0;2;0;0;0;0;-100;0;0;0;0;0;0;1
582;Shawn Tolleson;27;TEX;73;0;0;0;0;0;0;0;0;0;0;0;0;;;;;;0;0;0;0;0;0;1
583;Steven Tolleson;31;TOR;19;45;41;9;11;5;1;0;3;2;0;4;9;0.268;0.333;0.439;0.772;112;18;1;0;0;0;0;4/679
584;Michael Tonkin;25;MIN;26;0;0;0;0;0;0;0;0;0;0;0;0;;;;;;0;0;0;0;0;0;1
585;Devon Travis;24;TOR;62;239;217;38;66;18;0;8;35;3;1;18;43;0.304;0.361;0.498;0.859;135;108;4;2;0;1;0;4
586;Mike Trout;23;LAA;159;682;575;104;172;32;6;41;90;11;7;92;158;0.299;0.402;0.59;0.991;176;339;11;10;0;5;14;*8/D
587;Mark Trumbo;29;SEA;96;361;334;39;88;13;0;13;41;0;0;26;93;0.263;0.316;0.419;0.735;106;140;8;0;0;1;1;9D37
588;Preston Tucker*;24;HOU;98;323;300;35;73;19;0;13;33;0;2;20;68;0.243;0.297;0.437;0.734;99;131;3;3;0;0;0;79/D
589;Troy Tulowitzki;30;TOR;41;183;163;31;39;8;0;5;17;1;0;14;42;0.239;0.317;0.38;0.697;92;62;4;5;0;1;1;6/D
590;Koji Uehara;40;BOS;43;0;0;0;0;0;0;0;0;0;0;0;0;;;;;;0;0;0;0;0;0;1
591;Henry Urrutia*;28;BAL;10;36;34;3;9;1;0;1;6;0;0;2;3;0.265;0.306;0.382;0.688;86;13;1;0;0;0;0;/7D
592;Giovanny Urshela;23;CLE;81;288;267;25;60;8;1;6;21;0;1;18;58;0.225;0.279;0.33;0.608;63;88;9;2;1;0;0;5
593;Luis Valbuena*;29;HOU;132;493;434;62;97;18;0;25;56;1;0;50;106;0.224;0.31;0.438;0.748;103;190;13;6;0;3;1;53/D4
594;Danny Valencia;30;TOT;105;378;345;59;100;23;1;18;66;2;2;29;80;0.29;0.345;0.519;0.864;134;179;13;1;1;2;3;57/394D
595;Danny Valencia;30;TOR;58;173;162;26;48;13;0;7;29;2;1;9;40;0.296;0.331;0.506;0.838;128;82;4;0;1;1;0;75/394D
596;Danny Valencia;30;OAK;47;205;183;33;52;10;1;11;37;0;1;20;40;0.284;0.356;0.53;0.886;140;97;9;1;0;1;3;5/D
597;Kennys Vargas#;24;MIN;58;184;175;18;42;4;0;5;17;0;0;9;54;0.24;0.277;0.349;0.626;69;61;7;0;0;0;0;D3
598;Vincent Velasquez#;23;HOU;19;0;0;0;0;0;0;0;0;0;0;0;0;;;;;;0;0;0;0;0;0;1
599;Will Venable*;32;TEX;37;82;66;6;12;3;0;0;3;5;0;12;21;0.182;0.325;0.227;0.552;54;15;0;2;2;0;2;7/89
600;Pat Venditte#;30;OAK;26;1;1;0;0;0;0;0;0;0;0;0;1;0;0;0;0;-100;0;0;0;0;0;0;1
601;Yordano Ventura;24;KCR;28;6;6;0;0;0;0;0;0;0;0;0;5;0;0;0;0;-100;0;0;0;0;0;0;1
602;Drew VerHagen;24;DET;20;0;0;0;0;0;0;0;0;0;0;0;0;;;;;;0;0;0;0;0;0;1
603;Logan Verrett;25;TEX;4;0;0;0;0;0;0;0;0;0;0;0;0;;;;;;0;0;0;0;0;0;/1
604;Shane Victorino;34;TOT;71;204;178;19;41;4;2;1;7;7;0;16;32;0.23;0.308;0.292;0.601;67;52;4;5;3;2;1;97/8
605;Shane Victorino;34;BOS;33;106;94;10;23;2;0;1;4;5;0;9;14;0.245;0.324;0.298;0.622;70;28;3;2;1;0;0;9
606;Shane Victorino;34;LAA;38;98;84;9;18;2;2;0;3;2;0;7;18;0.214;0.292;0.286;0.577;65;24;1;3;2;2;1;7/89
607;Jonathan Villar#;24;HOU;53;128;116;18;33;7;1;2;11;7;2;10;29;0.284;0.339;0.414;0.752;106;48;3;0;1;1;0;65/7D48
608;Stephen Vogt*;30;OAK;136;511;445;58;116;21;3;18;71;0;2;56;97;0.261;0.341;0.443;0.783;114;197;9;2;0;8;6;23/D
609;Edinson Volquez;31;KCR;34;6;6;0;0;0;0;0;0;0;0;0;4;0;0;0;0;-100;0;0;0;0;0;0;1
610;Christian Walker;24;BAL;7;12;9;0;1;0;0;0;0;0;0;3;4;0.111;0.333;0.111;0.444;30;1;0;0;0;0;0;/3D
611;Taijuan Walker;22;SEA;29;10;9;0;1;1;0;0;1;0;0;0;5;0.111;0.111;0.222;0.333;-9;2;0;0;1;0;0;1
612;Zach Walters#;25;CLE;12;30;30;0;4;0;0;0;3;0;0;0;15;0.133;0.133;0.133;0.267;-28;4;0;0;0;0;0;/74569
613;Adam Warren;27;NYY;43;3;3;0;0;0;0;0;0;0;0;0;1;0;0;0;0;-100;0;0;0;0;0;0;1
614;Jered Weaver;32;LAA;26;2;2;0;0;0;0;0;0;0;0;0;1;0;0;0;0;-100;0;0;0;0;0;0;1
615;Daniel Webb;25;CHW;27;0;0;0;0;0;0;0;0;0;0;0;0;;;;;;0;0;0;0;0;0;1
616;Ryan Webb;29;CLE;40;0;0;0;0;0;0;0;0;0;0;0;0;;;;;;0;0;0;0;0;0;1
617;Jemile Weeks#;28;BOS;3;9;9;1;3;0;0;0;1;0;0;0;2;0.333;0.333;0.333;0.667;81;3;0;0;0;0;0;/4
618;Rickie Weeks;32;SEA;37;95;84;7;14;1;0;2;9;0;0;9;25;0.167;0.263;0.25;0.513;47;21;3;2;0;0;0;7D
619;Matt Wieters#;29;BAL;75;282;258;24;69;14;1;8;25;0;0;21;67;0.267;0.319;0.422;0.742;100;109;4;0;0;3;0;2D/3
620;Tom Wilhelmsen;31;SEA;53;0;0;0;0;0;0;0;0;0;0;0;0;;;;;;0;0;0;0;0;0;1
621;Mason Williams*;23;NYY;8;22;21;3;6;3;0;1;3;0;0;1;3;0.286;0.318;0.571;0.89;140;12;0;0;0;0;0;/8
622;Alex Wilson;28;DET;59;0;0;0;0;0;0;0;0;0;0;0;0;;;;;;0;0;0;0;0;0;1
623;Bobby Wilson;32;TOT;56;147;132;8;25;5;0;1;14;0;1;11;39;0.189;0.255;0.25;0.505;39;33;1;1;2;1;0;2/D
624;Bobby Wilson;32;TBR;25;59;55;3;8;0;0;0;4;0;0;4;20;0.145;0.203;0.145;0.349;-0;8;1;0;0;0;0;2/D
625;Bobby Wilson;32;TEX;31;88;77;5;17;5;0;1;10;0;1;7;19;0.221;0.291;0.325;0.615;66;25;0;1;2;1;0;2
626;C.J. Wilson*;34;LAA;21;6;6;0;2;0;0;0;0;0;0;0;1;0.333;0.333;0.333;0.667;90;2;0;0;0;0;0;1
627;Josh Wilson;34;DET;21;41;38;4;12;3;0;0;5;0;0;0;15;0.316;0.35;0.395;0.745;107;15;1;2;1;0;0;45/6D1
628;Justin Wilson*;27;NYY;74;0;0;0;0;0;0;0;0;0;0;0;0;;;;;;0;0;0;0;0;0;1
629;Tyler Wilson;25;BAL;9;3;2;0;0;0;0;0;0;0;0;0;0;0;0;0;0;-100;0;0;0;1;0;0;/1
630;Mike Wright;25;BAL;12;3;2;0;1;0;0;0;0;0;0;0;1;0.5;0.5;0.5;1;175;1;0;0;1;0;0;1
631;Steven Wright;30;BOS;16;2;1;0;0;0;0;0;0;0;0;0;0;0;0;0;0;-100;0;0;0;1;0;0;1
632;Kirby Yates*;28;TBR;20;0;0;0;0;0;0;0;0;0;0;0;0;;;;;;0;0;0;0;0;0;1
633;Chris Young;36;KCR;34;4;4;0;2;0;0;0;3;0;0;0;1;0.5;0.5;0.5;1;175;2;0;0;0;0;0;1
634;Chris Young;31;NYY;140;356;318;53;80;20;1;14;42;3;1;30;73;0.252;0.32;0.453;0.773;112;144;6;3;3;2;2;*978/D
635;Delmon Young;29;BAL;52;180;174;20;47;6;0;2;16;0;0;4;29;0.27;0.289;0.339;0.628;71;59;8;1;0;1;0;9/D7
636;Ben Zobrist#;34;TOT;126;535;467;76;129;36;3;13;56;3;4;62;56;0.276;0.359;0.45;0.809;120;210;8;1;0;5;3;47/D95
637;Ben Zobrist#;34;OAK;67;271;235;39;63;20;2;6;33;1;1;33;26;0.268;0.354;0.447;0.801;119;105;5;0;0;3;2;47/D9
638;Ben Zobrist#;34;KCR;59;264;232;37;66;16;1;7;23;2;3;29;30;0.284;0.364;0.453;0.816;121;105;3;1;0;2;1;47/5D9
639;Mike Zunino;24;SEA;112;386;350;28;61;11;0;11;28;0;1;21;132;0.174;0.23;0.3;0.53;49;105;6;5;8;2;0;*2
