Rk;Player;Pos;Age;Tm;G;GS;MP;FG;FGA;FG%;3P;3PA;3P;2P;2PA;2P;eFG%;FT;FTA;FT%;ORB;DRB;TRB;AST;STL;BLK;TOV;PF;PTS
3;Steven Adams;C;22;OKC;52;52;24.9;2.8;4.8;0.59;0;0;;2.8;4.8;0.59;0.59;1.6;2.6;0.607;2.5;3.8;6.3;0.7;0.4;1.2;1;2.8;7.2
5;Alexis Ajinca;C;27;NOP;41;6;12.3;2;4;0.497;0;0;0;2;4;0.5;0.497;0.6;0.7;0.821;1.1;3;4.1;0.4;0.3;0.5;0.5;2.2;4.6
6;Cole Aldrich;C;27;LAC;31;2;11.5;2.1;3.9;0.533;0;0;;2.1;3.9;0.533;0.533;1.3;1.9;0.661;1.1;2.7;3.8;0.9;0.6;0.7;0.9;2.2;5.4
13;Chris Andersen;C;37;MIA;7;1;5.1;0.6;1.4;0.4;0.3;0.7;0.4;0.3;0.7;0.4;0.5;0.4;0.6;0.75;0.4;0.9;1.3;0.4;0.1;0.4;0.3;0.6;1.9
21;Joel Anthony;C;33;DET;13;0;4;0.2;0.4;0.4;0;0;;0.2;0.4;0.4;0.4;0.4;0.5;0.833;0.5;0.6;1.2;0.1;0.2;0.3;0.1;0.6;0.7
25;Omer Asik;C;29;NOP;46;42;17.4;1.4;2.6;0.542;0;0;;1.4;2.6;0.542;0.542;0.8;1.5;0.557;1.9;4.2;6.1;0.3;0.2;0.5;0.9;1.9;3.6
27;Jeff Ayres;C;28;LAC;5;0;2.8;0.4;0.4;1;0;0;;0.4;0.4;1;1;0.4;0.4;1;0.2;0.4;0.6;0.4;0;0.6;0.2;0.4;1.2
29;Cameron Bairstow;C;25;CHI;14;1;6.1;0.6;2.4;0.242;0;0.3;0;0.6;2.1;0.276;0.242;0.3;0.3;1;0.3;1.5;1.8;0.4;0.1;0.2;0.1;1.1;1.4
32;Andrea Bargnani;C;30;BRK;46;0;13.8;2.8;6.1;0.455;0.1;0.3;0.188;2.7;5.7;0.471;0.461;1;1.2;0.825;0.6;1.5;2.1;0.4;0.1;0.2;0.6;1.3;6.6
39;Aron Baynes;C;29;DET;53;0;14.3;2.2;4.6;0.492;0;0;0;2.2;4.5;0.496;0.492;1.2;1.7;0.75;1.7;2.8;4.5;0.8;0.3;0.6;0.9;1.8;5.7
45;Bismack Biyombo;C;23;TOR;52;18;22.5;1.8;3.4;0.514;0;0;;1.8;3.4;0.514;0.514;1.9;2.8;0.674;2.2;5.9;8.1;0.3;0.2;1.6;1;2.8;5.4
47;Tarik Black;C;24;LAL;20;0;12.4;1.5;2.6;0.577;0;0;;1.5;2.6;0.577;0.577;0.5;1.3;0.4;1.1;3.2;4.2;0.3;0.3;0.4;0.5;2.2;3.5
48;DeJuan Blair;C;26;WAS;29;0;7.5;1;2.3;0.412;0;0;0;1;2.3;0.418;0.412;0.2;0.4;0.385;0.7;1.3;2;0.4;0.3;0.1;0.5;1.8;2.1
52;Andrew Bogut;C;31;GSW;45;41;20.9;2.6;4.2;0.615;0;0;;2.6;4.2;0.615;0.615;0.3;0.8;0.405;1.8;5.7;7.5;2.1;0.4;1.7;1.1;3.1;5.4
53;Matt Bonner;C;35;SAS;20;1;5.7;0.9;1.6;0.548;0.5;0.9;0.529;0.4;0.7;0.571;0.694;0.2;0.2;0.75;0.2;0.8;0.9;0.3;0.3;0;0.1;0.4;2.3
75;Clint Capela;C;21;HOU;53;35;20.9;3.1;5.4;0.57;0;0;;3.1;5.4;0.57;0.57;1.1;2.8;0.395;2.6;4.3;6.9;0.7;0.8;1.2;1;2.7;7.2
80;Willie Cauley-Stein;C;22;SAC;39;29;20.4;2.6;4.3;0.605;0;0;;2.6;4.3;0.605;0.605;1.1;1.8;0.586;2.1;3.4;5.5;0.4;0.6;1.2;0.7;2.4;6.2
82;Tyson Chandler;C;33;PHO;45;39;23.5;2.1;4.1;0.522;0;0;0;2.1;4.1;0.525;0.522;1.6;2.5;0.637;2.6;5.9;8.5;1;0.5;0.6;1.2;2;5.9
92;DeMarcus Cousins;C;25;SAC;44;44;34.3;9.1;20.5;0.445;1.2;3.4;0.349;7.9;17.1;0.464;0.474;7.4;10.2;0.725;2.3;8.8;11.1;3.2;1.3;1.3;3.7;3.7;26.8
105;Dewayne Dedmon;C;26;ORL;33;4;10.4;1.1;2.3;0.48;0;0;;1.1;2.3;0.48;0.48;0.8;1.1;0.73;0.9;2.3;3.2;0.2;0.3;0.8;0.5;1.8;3
112;Gorgui Dieng;C;26;MIN;54;11;25.5;3.5;6.5;0.535;0;0.2;0.222;3.5;6.4;0.544;0.538;2.3;2.9;0.818;1.9;5.1;7.1;1.6;1.1;1;1.9;2.7;9.4
116;Andre Drummond;C;22;DET;54;54;33.7;7.1;13.8;0.518;0;0.1;0.4;7.1;13.7;0.519;0.52;2.7;7.6;0.351;5;9.9;14.9;0.8;1.6;1.5;2.1;3.1;17
118;Tim Duncan;C;39;SAS;38;38;25.7;3.6;7.2;0.498;0;0.1;0;3.6;7.2;0.502;0.498;1.6;2.1;0.747;1.7;5.8;7.5;3;0.9;1.4;1.7;2.3;8.8
129;Festus Ezeli;C;26;GSW;40;11;17.8;2.9;5.3;0.557;0;0;;2.9;5.3;0.557;0.557;1.7;3.1;0.532;2.1;3.8;5.9;0.8;0.4;1.2;0.9;2.3;7.5
132;Cristiano Felicio;C;23;CHI;7;0;2.7;0.1;0.3;0.5;0;0.1;0;0.1;0.1;1;0.5;0.1;0.3;0.5;0;0.1;0.1;0.6;0;0;0.1;0.3;0.4
138;Channing Frye;C;32;ORL;44;29;17.1;1.8;4.2;0.435;1.1;2.8;0.397;0.8;1.5;0.508;0.565;0.4;0.5;0.905;0.5;2.7;3.2;1;0.5;0.5;0.7;1.6;5.2
142;Marc Gasol;C;31;MEM;52;52;34.4;6.3;13.6;0.464;0;0.1;0.667;6.3;13.5;0.463;0.465;3.9;4.7;0.829;1.1;5.8;7;3.8;1;1.3;2.3;2.7;16.6
143;Pau Gasol;C;35;CHI;49;49;31.9;6.8;14.1;0.479;0.3;0.8;0.41;6.4;13.3;0.483;0.491;3.1;3.9;0.806;2.2;8.6;10.9;3.4;0.6;2;2.1;2;17
149;Rudy Gobert;C;23;UTA;32;31;33.3;3.8;6.3;0.6;0;0;;3.8;6.3;0.6;0.6;2.8;4.6;0.623;3.1;7.4;10.5;1.7;0.9;2.4;1.7;3;10.3
154;Marcin Gortat;C;31;WAS;45;45;31.2;5.7;10.6;0.541;0;0;0;5.7;10.5;0.542;0.541;2.1;2.8;0.738;2.8;7.2;9.9;1.5;0.7;1.3;1.9;2.6;13.5
177;Chuck Hayes;C;32;HOU;2;0;12;0.5;1;0.5;0;0;;0.5;1;0.5;0.5;1;1;1;0;4;4;1;0;0;1.5;3;2
180;John Henson;C;25;MIL;42;1;16.7;2.9;4.8;0.591;0;0;;2.9;4.8;0.591;0.591;1;2;0.537;1.5;2.5;3.9;1;0.3;2;1.1;2.4;6.8
182;Roy Hibbert;C;29;LAL;54;54;24.4;2.4;5.5;0.444;0;0;0;2.4;5.5;0.447;0.444;1.7;2;0.826;1.7;3.6;5.2;1.4;0.4;1.5;1.1;3.1;6.6
183;J.J. Hickson;C;27;DEN;20;9;15.3;2.8;5.5;0.505;0;0;;2.8;5.5;0.505;0.505;1.4;3;0.458;1.1;3.3;4.4;0.8;0.5;0.6;0.8;1.8;6.9
192;Ryan Hollins;C;31;TOT;19;3;10.8;1.1;1.9;0.583;0;0;;1.1;1.9;0.583;0.583;0.6;0.8;0.8;1.1;1.2;2.3;0.4;0.1;0.5;0.5;1.7;2.8
192;Ryan Hollins;C;31;WAS;5;3;9.6;0.8;1.4;0.571;0;0;;0.8;1.4;0.571;0.571;0;0;;1.4;0.8;2.2;0;0;0.2;0.6;0.8;1.6
192;Ryan Hollins;C;31;MEM;14;0;11.2;1.2;2.1;0.586;0;0;;1.2;2.1;0.586;0.586;0.9;1.1;0.8;1;1.4;2.4;0.5;0.1;0.6;0.5;2;3.3
196;Al Horford;C;29;ATL;55;55;31.6;6.5;12.8;0.507;1;2.9;0.34;5.5;9.9;0.557;0.546;1.3;1.6;0.778;1.9;4.9;6.9;3.1;0.8;1.5;1.3;2;15.3
197;Dwight Howard;C;30;HOU;44;44;32.3;5.4;8.8;0.612;0;0.1;0;5.4;8.7;0.617;0.612;3.8;7.1;0.532;3.6;8.4;12;1.5;1;1.5;2.5;3.1;14.6
210;Al Jefferson;C;31;CHO;19;17;25.2;5.6;11.7;0.482;0;0;;5.6;11.7;0.482;0.482;1.3;2.2;0.571;1.2;4.9;6.1;1.6;0.7;1.1;0.7;2.4;12.5
224;Nikola Jokic;C;20;DEN;52;27;20;3.7;7;0.526;0.3;0.8;0.39;3.4;6.2;0.543;0.548;1.8;2.3;0.788;2.2;3.7;5.9;1.9;1;0.5;1.2;2.4;9.5
228;DeAndre Jordan;C;27;LAC;51;51;33.9;4.4;6.2;0.703;0;0;;4.4;6.2;0.703;0.703;3.4;8;0.423;3.7;10.3;14;1.1;0.5;2.3;1.2;2.7;12.1
230;Chris Kaman;C;33;POR;8;2;8;1.3;3.5;0.357;0;0.1;0;1.3;3.4;0.37;0.357;0;0;;0.4;0.8;1.1;0.6;0;0;0.6;0.8;2.5
231;Frank Kaminsky;C;22;CHO;52;0;21.4;2.7;6.7;0.401;0.8;2.5;0.326;1.9;4.2;0.445;0.461;1.4;2;0.735;0.8;3.2;4;1.4;0.4;0.6;0.8;1.6;7.6
232;Enes Kanter;C;23;OKC;54;0;20.8;4.7;8.5;0.56;0.1;0.2;0.4;4.7;8.3;0.564;0.565;2.4;3;0.784;2.9;4.8;7.7;0.5;0.2;0.5;1.3;2;11.9
234;Sasha Kaun;C;30;CLE;10;0;4.2;0.3;0.5;0.6;0;0;;0.3;0.5;0.6;0.6;0.3;0.6;0.5;0.8;0.3;1.1;0.2;0.2;0.2;0.6;0.7;0.9
244;Joffrey Lauvergne;C;24;DEN;32;15;17.6;3.1;6.3;0.49;0.4;1.1;0.343;2.7;5.2;0.521;0.52;0.9;1.1;0.882;1.5;3.6;5.1;1;0.3;0.3;0.9;2;7.5
249;Alex Len;C;22;PHO;51;20;19.5;2.7;5.8;0.458;0;0.1;0.25;2.6;5.7;0.461;0.46;1.6;2.2;0.721;1.9;4.3;6.2;0.9;0.5;0.9;1.4;2.6;6.9
257;Brook Lopez;C;27;BRK;54;54;33.7;8;15.9;0.502;0;0.1;0;8;15.7;0.506;0.502;4.3;5.5;0.78;2.9;5.3;8.2;1.6;0.8;1.8;2.3;2.9;20.2
258;Robin Lopez;C;27;NYK;55;55;25.5;4;7.5;0.53;0;0;;4;7.5;0.53;0.53;1.4;1.7;0.802;2.8;3.6;6.4;1.4;0.2;1.4;1.5;2.5;9.3
263;Ian Mahinmi;C;29;IND;44;44;24.1;3.3;5.5;0.597;0;0;;3.3;5.5;0.597;0.597;1.8;3.2;0.576;2.1;4.9;7;1.3;0.9;1;1.2;3.1;8.4
265;Boban Marjanovic;C;27;SAS;34;1;8.7;2;3.2;0.609;0;0;;2;3.2;0.609;0.609;1.8;2.4;0.741;1.4;2.3;3.6;0.4;0.3;0.4;0.6;1.1;5.7
280;JaVale McGee;C;28;DAL;32;2;11.1;2.4;4.1;0.585;0;0;0;2.4;4;0.589;0.585;0.6;1.1;0.5;1.6;2.5;4.1;0.1;0.2;0.8;0.7;1.5;5.3
285;Salah Mejri;C;29;DAL;14;3;10.7;1.4;2.1;0.667;0;0;;1.4;2.1;0.667;0.667;0.9;1.4;0.684;1;1.9;2.9;0.1;0.1;0.6;0.6;1.3;3.8
295;Greg Monroe;C;25;MIL;52;50;30.5;6.8;13;0.521;0;0;;6.8;13;0.521;0.521;3.2;4.2;0.745;3.1;6.6;9.7;2.3;0.9;0.9;1.7;2.2;16.7
303;Timofey Mozgov;C;29;CLE;49;31;17.5;2.7;5;0.543;0;0.1;0.143;2.7;4.8;0.555;0.545;0.9;1.3;0.71;1.4;2.8;4.2;0.5;0.3;0.7;0.9;2.1;6.3
313;Joakim Noah;C;30;CHI;29;2;21.9;1.8;4.6;0.383;0;0;0;1.8;4.6;0.386;0.383;0.8;1.6;0.489;3;5.8;8.8;3.8;0.6;1;1.8;2.7;4.3
315;Lucas Nogueira;C;23;TOR;18;0;7.4;1.1;1.6;0.69;0.1;0.1;0.5;1.1;1.5;0.704;0.707;0.3;0.5;0.667;0.5;0.9;1.4;0.2;0.5;0.3;0.3;1.1;2.6
318;Jusuf Nurkic;C;21;DEN;17;0;13.8;2.4;6.6;0.354;0;0.1;0;2.4;6.5;0.36;0.354;1.8;2.8;0.638;1.6;3.4;5.1;0.8;0.4;0.9;1.1;2.4;6.5
322;Jahlil Okafor;C;20;PHI;47;42;30.4;7.3;14.9;0.494;0;0.1;0;7.3;14.8;0.496;0.494;2.5;3.6;0.682;2.4;5;7.4;1.2;0.4;1.2;2.3;2.6;17.1
324;Kelly Olynyk;C;24;BOS;54;8;20.3;3.8;8.3;0.461;1.3;3.1;0.413;2.5;5.2;0.489;0.538;1.2;1.7;0.728;1.1;3.2;4.3;1.6;0.8;0.6;1.2;2.4;10.1
326;Zaza Pachulia;C;31;DAL;50;50;29.6;3.3;7.1;0.472;0;0;0;3.3;7;0.474;0.472;3.3;4.4;0.755;3.6;7.1;10.7;2;1;0.3;1.8;2.6;10
337;Nikola Pekovic;C;30;MIN;12;3;13;1.6;4.2;0.38;0;0;;1.6;4.2;0.38;0.38;1.3;1.7;0.8;0.6;1.2;1.8;0.9;0.1;0;0.8;1.8;4.5
338;Kendrick Perkins;C;31;NOP;10;3;8.9;1.3;1.6;0.813;0;0;;1.3;1.6;0.813;0.813;0.1;0.4;0.25;0.6;1.3;1.9;0.5;0;0.2;0.8;1;2.7
340;Tibor Pleiss;C;26;UTA;12;0;6.8;0.9;2.1;0.44;0;0.2;0;0.9;1.9;0.478;0.44;0.2;0.2;1;0.5;0.8;1.3;0.2;0.1;0.2;0.7;1.6;2
341;Mason Plumlee;C;25;POR;54;54;25.5;3.4;6.6;0.511;0;0;0;3.4;6.5;0.514;0.511;2.4;3.8;0.62;2.6;5;7.6;2.6;0.8;1;2;3.1;9.1
342;Miles Plumlee;C;27;MIL;33;3;9.5;1.3;2.3;0.587;0;0;;1.3;2.3;0.587;0.587;0.3;0.5;0.733;1;1.5;2.5;0.2;0.2;0.7;0.5;0.9;3
371;Robert Sacre;C;26;LAL;18;1;12.8;1.1;2.7;0.388;0;0;;1.1;2.7;0.388;0.388;0.7;1.2;0.545;1;1.3;2.3;0.6;0.1;0.6;0.5;1.8;2.8
377;Kevin Seraphin;C;26;NYK;34;0;10.5;1.7;4.2;0.41;0;0;0;1.7;4.2;0.413;0.41;0.3;0.4;0.733;0.7;1.5;2.2;1.1;0.2;0.7;1;1.4;3.8
386;Jason Smith;C;29;ORL;46;0;15;2.8;5.5;0.516;0.1;0.3;0.25;2.8;5.2;0.529;0.522;0.5;0.6;0.893;0.6;1.8;2.4;0.7;0.4;0.8;0.8;1.9;6.3
391;Tiago Splitter;C;31;ATL;36;2;16.1;2.3;4.3;0.523;0;0.1;0;2.3;4.3;0.529;0.523;1.1;1.3;0.813;1.3;2.1;3.3;0.8;0.6;0.3;0.7;2;5.6
394;Jarnell Stokes;C;22;TOT;7;0;2.6;0.4;0.7;0.6;0;0;;0.4;0.7;0.6;0.6;0.1;0.3;0.5;0.1;0.4;0.6;0.1;0.1;0;0;0.1;1
394;Jarnell Stokes;C;22;MEM;2;0;2;0;0;;0;0;;0;0;;;0;0;;0.5;0.5;1;0;0;0;0;0;0
394;Jarnell Stokes;C;22;MIA;5;0;2.8;0.6;1;0.6;0;0;;0.6;1;0.6;0.6;0.2;0.4;0.5;0;0.4;0.4;0.2;0.2;0;0;0.2;1.4
395;Amar'e Stoudemire;C;33;MIA;25;10;14.2;2.2;4.2;0.519;0;0;;2.2;4.2;0.519;0.519;1.1;1.5;0.73;1.3;3.2;4.5;0.7;0.4;0.8;0.9;1.3;5.4
398;Walter Tavares;C;23;ATL;10;0;6.9;1;1.8;0.556;0;0;;1;1.8;0.556;0.556;0.3;0.8;0.375;0.7;1.3;2;0.2;0.1;0.6;0.5;0.8;2.3
406;Jason Thompson;C;29;GSW;26;1;6.6;0.8;1.6;0.488;0;0;;0.8;1.6;0.488;0.488;0.7;1.1;0.643;0.3;1.7;2;0.7;0.1;0.3;0.3;1.5;2.2
411;Karl-Anthony Towns;C;20;MIN;54;54;30.1;7;12.9;0.544;0.3;0.9;0.375;6.7;12.1;0.556;0.557;2.7;3.1;0.852;2.8;7.4;10.1;1.4;0.6;1.8;2.1;3;17.1
414;Myles Turner;C;19;IND;31;8;20.3;4.2;7.9;0.533;0;0.1;0;4.2;7.9;0.537;0.533;1.5;2.3;0.648;1.2;3.8;5;0.5;0.3;1.4;0.8;2.3;9.9
416;Jonas Valanciunas;C;23;TOR;35;34;26.2;4.8;8.7;0.549;0;0;;4.8;8.7;0.549;0.549;2.8;3.8;0.742;3.3;6.1;9.4;0.9;0.4;1.2;1.5;2.5;12.3
417;Anderson Varejao;C;33;CLE;31;0;10;1;2.5;0.421;0;0;0;1;2.4;0.427;0.421;0.5;0.7;0.762;0.8;2.2;2.9;0.6;0.4;0.2;0.5;1.1;2.6
422;Nikola Vucevic;C;25;ORL;49;48;31.9;7.8;15.7;0.498;0;0.1;0.143;7.8;15.6;0.501;0.499;1.4;1.9;0.747;2.9;6;8.9;3;0.8;1.1;1.9;2.6;17
433;Hassan Whiteside;C;26;MIA;45;40;28.2;5.1;8.2;0.617;0;0;;5.1;8.2;0.617;0.617;2;3.7;0.552;3;8;11;0.3;0.5;3.9;2;2.5;12.2
444;Jeff Withey;C;25;UTA;38;9;14.7;1.9;3.5;0.545;0;0;0;1.9;3.4;0.55;0.545;1;1.4;0.717;1.3;2.6;3.9;0.4;0.5;1.3;0.7;1.6;4.8
454;Cody Zeller;C;23;CHO;45;32;24.8;3.2;6.4;0.493;0;0.2;0.1;3.1;6.2;0.507;0.495;2.4;3.3;0.733;1.8;4.4;6.2;0.9;0.9;0.7;1;3;8.8
455;Tyler Zeller;C;26;BOS;37;3;10;2.2;4.3;0.506;0;0;;2.2;4.3;0.506;0.506;0.9;1.3;0.745;0.9;1.8;2.7;0.5;0.2;0.2;0.9;1.5;5.3
1;Quincy Acy;PF;25;SAC;30;7;11.1;1.4;2.5;0.553;0.2;0.4;0.417;1.2;2.1;0.578;0.586;0.6;0.8;0.76;1.3;1.5;2.8;0.3;0.4;0.4;0.3;1.3;3.6
7;LaMarcus Aldridge;PF;30;SAS;49;49;29.7;6.9;13.7;0.504;0;0.2;0;6.9;13.4;0.513;0.504;3.3;3.9;0.838;2.5;5.9;8.4;1.4;0.3;1;1.3;2.1;17
8;Cliff Alexander;PF;20;POR;7;0;4.4;0.7;1.4;0.5;0;0;;0.7;1.4;0.5;0.5;0;0;;0.3;0.6;0.9;0;0.1;0.3;0.1;0;1.4
9;Lavoy Allen;PF;26;IND;52;21;21.7;2.6;5.2;0.5;0;0;;2.6;5.2;0.5;0.5;0.4;0.8;0.575;2.2;3.6;5.7;1;0.4;0.6;1;1.8;5.7
12;Lou Amundson;PF;33;NYK;22;0;7.4;0.9;2;0.442;0;0;;0.9;2;0.442;0.442;0.5;1;0.435;0.8;1.1;1.9;0.4;0.2;0.2;0.4;1.7;2.2
17;Ryan Anderson;PF;27;NOP;51;6;31;5.9;13.7;0.431;2.1;5.4;0.383;3.8;8.3;0.461;0.506;2.8;3.3;0.862;1.9;4;5.9;1.1;0.6;0.4;1.5;1.6;16.7
24;Darrell Arthur;PF;27;DEN;46;10;20.7;3;6.6;0.459;0.4;1.1;0.36;2.7;5.5;0.478;0.489;0.6;0.7;0.813;1.2;2.8;4;1.3;0.8;0.7;0.9;2.5;7
36;Brandon Bass;PF;30;LAL;47;0;19.1;2.4;4.5;0.526;0;0;0;2.4;4.5;0.529;0.526;1.5;1.8;0.845;1.6;2.6;4.2;1.2;0.5;0.8;0.6;1.9;6.2
43;Anthony Bennett;PF;22;TOR;15;0;4.9;0.4;1.5;0.261;0.1;0.9;0.154;0.3;0.7;0.4;0.304;0.6;0.7;0.9;0.4;1;1.4;0;0.3;0;0.3;0.5;1.5
46;Nemanja Bjelica;PF;27;MIN;46;0;17.9;1.6;3.7;0.429;0.7;2.1;0.354;0.8;1.6;0.527;0.529;0.5;0.8;0.658;0.7;2.5;3.2;1.3;0.4;0.3;0.7;2.6;4.5
55;Trevor Booker;PF;28;UTA;50;2;22.4;2.3;5.1;0.458;0.1;0.5;0.25;2.2;4.6;0.48;0.47;0.9;1.2;0.71;2.5;3.8;6.3;1;0.9;0.5;1.3;2.4;5.6
56;Chris Bosh;PF;31;MIA;53;53;33.5;6.8;14.5;0.467;1.5;4.2;0.365;5.2;10.3;0.508;0.52;4;5.1;0.795;0.9;6.5;7.4;2.4;0.7;0.6;1.5;1.9;19.1
87;Nick Collison;PF;35;OKC;44;2;12.1;0.9;1.9;0.447;0;0;0;0.9;1.9;0.458;0.447;0.5;0.7;0.724;1.3;1.6;2.9;0.8;0.3;0.3;0.8;1.9;2.2
90;Chris Copeland;PF;31;MIL;24;1;6.5;0.7;2.1;0.333;0.4;1.5;0.278;0.3;0.6;0.467;0.431;0.3;0.3;0.857;0;0.4;0.4;0.5;0.1;0;0.3;0.7;2.1
102;Anthony Davis;PF;22;NOP;47;47;35.4;9;18;0.499;0.5;1.6;0.299;8.5;16.3;0.52;0.513;4.9;6.7;0.738;2.1;7.9;10;1.9;1.3;2.2;2;2.4;23.4
103;Ed Davis;PF;26;POR;53;0;21.4;2.5;4.2;0.605;0;0;;2.5;4.2;0.605;0.605;1.5;2.7;0.552;2.9;4.4;7.3;1.1;0.6;0.7;0.8;2.5;6.6
104;Branden Dawson;PF;22;LAC;2;0;6.5;0.5;1.5;0.333;0;0;;0.5;1.5;0.333;0.333;0;0;;1;0.5;1.5;0;0;0.5;0;1;1
111;Boris Diaw;PF;33;SAS;53;1;18.9;2.7;5.2;0.518;0.4;1;0.396;2.3;4.2;0.547;0.556;0.8;1.1;0.724;0.8;2.5;3.3;2.5;0.4;0.2;1.2;1.4;6.6
117;Jared Dudley;PF;30;WAS;50;33;28.9;3.2;6.6;0.486;1.5;3.2;0.466;1.7;3.4;0.506;0.6;1;1.4;0.765;0.7;3.1;3.7;2.1;1;0.2;1.1;2.3;8.9
125;James Ennis;PF;25;MIA;3;0;2.3;0;0;;0;0;;0;0;;;0;0;;0;0;0;0.3;0;0;0;0.3;0
130;Kenneth Faried;PF;26;DEN;47;45;26.3;5.2;9.4;0.555;0;0;0;5.2;9.4;0.557;0.555;2.1;3.5;0.584;3.5;5.4;8.9;1.2;0.4;1;1.4;2.6;12.5
131;Derrick Favors;PF;24;UTA;35;33;32.4;6.7;13.1;0.516;0;0.1;0;6.7;13;0.519;0.516;3.1;4.6;0.675;2.9;5.5;8.5;1.5;1.3;1.3;1.6;2.6;16.6
141;Kevin Garnett;PF;39;MIN;38;38;14.6;1.4;3;0.47;0;0;0;1.4;3;0.474;0.47;0.4;0.6;0.667;0.4;3.6;3.9;1.6;0.7;0.3;0.4;1.8;3.2
146;Paul George;PF;25;IND;53;53;35.4;7.4;17.9;0.412;2.8;7.2;0.385;4.6;10.7;0.43;0.489;5.8;6.8;0.858;1;6.2;7.1;4;1.8;0.3;3.7;3;23.3
147;Taj Gibson;PF;30;CHI;52;34;26.5;3.4;6.7;0.506;0;0.1;0;3.4;6.6;0.51;0.506;1.3;1.9;0.663;2.9;4.3;7.2;1.3;0.5;1.1;1.1;2.5;8
150;Drew Gooden;PF;34;WAS;22;0;12.4;1.3;3.9;0.329;0.3;1.5;0.212;1;2.4;0.404;0.371;0.3;0.5;0.7;1.2;2.2;3.4;0.6;0.3;0.4;0.5;1.5;3.2
152;Aaron Gordon;PF;20;ORL;51;11;21.8;2.9;6.2;0.465;0.5;1.5;0.299;2.4;4.7;0.519;0.502;1.5;2.2;0.684;1.9;4.2;6.1;1.4;0.6;0.8;0.8;1.8;7.7
158;Draymond Green;PF;25;GSW;51;51;34.1;5;10.3;0.485;1.3;3.2;0.42;3.6;7.1;0.514;0.55;2.9;4.2;0.676;1.8;7.7;9.5;7.2;1.3;1.3;2.9;3;14.2
161;JaMychal Green;PF;25;MEM;49;3;14.6;2.1;4.2;0.502;0.2;0.4;0.556;1.9;3.8;0.497;0.527;1.1;1.4;0.771;1.1;2.7;3.9;0.4;0.3;0.3;1;2.2;5.5
163;Blake Griffin;PF;26;LAC;30;30;34.9;9.4;18.4;0.508;0.2;0.6;0.353;9.2;17.9;0.513;0.514;4.3;5.9;0.725;1.6;7;8.7;5;0.7;0.6;2.4;2.8;23.2
165;Tyler Hansbrough;PF;30;CHO;29;0;9.3;0.8;2;0.421;0.1;0.1;0.667;0.8;1.9;0.407;0.439;0.9;1.6;0.553;1.2;1.3;2.6;0.2;0.4;0.2;0.4;1.5;2.6
169;Montrezl Harrell;PF;22;HOU;28;1;10;1.3;2;0.649;0;0;;1.3;2;0.649;0.649;0.7;1.4;0.526;0.6;1.1;1.7;0.4;0.3;0.3;0.5;1.4;3.4
173;Tobias Harris;PF;23;ORL;49;49;32.9;5.1;11;0.464;1;3.1;0.311;4.2;8;0.523;0.507;2.4;3.1;0.784;1.5;5.5;7;2;1;0.6;1.6;1.9;13.7
175;Udonis Haslem;PF;35;MIA;25;0;8;0.6;1.7;0.349;0;0.3;0.143;0.6;1.4;0.389;0.36;0.3;0.4;0.889;0.3;1.9;2.2;0.5;0.2;0.1;0.2;0.7;1.6
176;Spencer Hawes;PF;27;CHO;47;6;19.1;2.3;5.5;0.408;0.7;2;0.348;1.6;3.6;0.44;0.469;1;1.2;0.839;0.8;3.6;4.4;2;0.4;0.4;1.1;2.1;6.2
184;Nene Hilario;PF;33;WAS;28;7;18.8;3.5;6.5;0.536;0;0;0;3.5;6.4;0.539;0.536;1.8;3.1;0.586;0.9;3.5;4.4;1.4;1;0.5;1.2;3;8.8
186;Jordan Hill;PF;28;IND;49;10;22;4;7.7;0.519;0;0;0;4;7.7;0.52;0.519;1.3;1.9;0.691;2.4;4.4;6.9;1.3;0.6;0.5;1.4;2.3;9.3
194;Richaun Holmes;PF;22;PHI;37;1;14.2;2.5;4.5;0.551;0.2;0.9;0.182;2.3;3.6;0.642;0.569;1;1.5;0.661;1.2;1.4;2.5;0.6;0.3;0.8;0.6;1.7;6.1
199;Kris Humphries;PF;30;WAS;28;14;16.6;2.3;5.6;0.405;0.8;2.4;0.343;1.5;3.3;0.451;0.478;1;1.1;0.935;0.9;3.2;4.1;0.6;0.1;0.5;0.7;1.5;6.4
201;Serge Ibaka;PF;26;OKC;54;54;32.5;5.4;11.1;0.488;0.8;2.1;0.366;4.6;9;0.516;0.523;1.2;1.5;0.768;1.9;4.9;6.7;0.9;0.4;2.2;1.5;2.7;12.7
203;Ersan Ilyasova;PF;28;DET;52;52;27.6;4.2;9.8;0.425;1.5;4.1;0.363;2.7;5.6;0.471;0.502;1.5;2.1;0.725;1.9;3.5;5.4;1.1;0.7;0.5;1.1;2.3;11.3
211;Cory Jefferson;PF;25;PHO;8;0;6.3;1.1;2.8;0.409;0;0.1;0;1.1;2.6;0.429;0.409;0.5;0.8;0.667;0.8;1.3;2;0;0;0.1;0;1;2.8
215;Jonas Jerebko;PF;28;BOS;54;0;13.8;1.4;3.3;0.41;0.5;1.2;0.429;0.9;2.1;0.4;0.486;0.7;0.9;0.75;0.9;2.5;3.4;0.7;0.3;0.1;0.6;1.7;3.9
216;Amir Johnson;PF;28;BOS;52;49;23.3;3.3;5.6;0.579;0.2;0.7;0.265;3.1;5;0.62;0.594;0.8;1.5;0.564;2.3;4;6.3;1.8;0.7;1.1;1.2;2.8;7.5
218;James Johnson;PF;28;TOR;40;19;15.4;2;3.9;0.513;0.3;0.9;0.361;1.7;3;0.559;0.555;0.7;1.2;0.609;0.6;1.7;2.2;1;0.6;0.6;1;1.4;5
226;Terrence Jones;PF;24;HOU;45;11;22.3;3.6;7.9;0.451;0.6;1.8;0.316;3;6.1;0.489;0.486;1.7;2.5;0.67;1.3;3.2;4.5;0.9;0.5;0.8;1;1.8;9.3
235;Ryan Kelly;PF;24;LAL;19;0;13.2;1.8;4.7;0.389;0.3;1.5;0.172;1.6;3.2;0.492;0.417;1.4;2.1;0.667;0.6;3.3;3.9;0.7;0.4;0.4;0.6;0.9;5.3
240;Kosta Koufos;PF;26;SAC;52;9;19.7;3;5.6;0.533;0;0;;3;5.6;0.533;0.533;0.8;1.5;0.579;2.3;3.4;5.7;0.4;0.6;0.9;0.7;2.5;6.8
242;Carl Landry;PF;32;PHI;14;2;11.6;2.9;5.1;0.556;0.1;0.2;0.333;2.8;4.9;0.565;0.563;1.1;1.6;0.652;0.9;1.9;2.7;0.4;0.4;0.4;0.7;1.5;6.9
248;David Lee;PF;32;BOS;30;4;15.7;2.9;6.4;0.453;0;0;0;2.9;6.4;0.455;0.453;1.3;1.7;0.784;1.4;3;4.3;1.8;0.4;0.4;1.3;1.7;7.1
251;Meyers Leonard;PF;23;POR;47;10;23.1;3.4;7.7;0.447;1.4;4;0.344;2;3.6;0.561;0.538;0.6;0.8;0.757;0.9;4.1;5.1;1.6;0.1;0.3;1.3;3;8.8
252;Jon Leuer;PF;26;PHO;43;22;20.2;3.5;7.1;0.485;0.8;1.9;0.402;2.7;5.2;0.516;0.539;0.9;1.2;0.736;1;4.6;5.6;1.3;0.6;0.4;1.2;2;8.6
256;Kevon Looney;PF;19;GSW;2;0;4;1;1.5;0.667;0.5;0.5;1;0.5;1;0.5;0.833;0;0;;0;1;1;0;0;0;0;0.5;2.5
259;Kevin Love;PF;27;CLE;51;51;32.1;5.3;12.7;0.417;2.1;5.6;0.368;3.2;7.1;0.456;0.498;3;3.7;0.801;2.1;8.2;10.3;2.4;0.9;0.6;1.8;2.1;15.7
261;Trey Lyles;PF;20;UTA;50;29;17.1;1.8;4.3;0.419;0.4;1;0.408;1.4;3.4;0.423;0.465;0.6;0.9;0.63;0.9;3;3.9;0.7;0.2;0.2;0.8;1.4;4.6
267;Jarell Martin;PF;21;MEM;2;0;4.5;0.5;2.5;0.2;0;0;;0.5;2.5;0.2;0.2;0;0;;0;0;0;0;0;0;0;1;1
271;Luc Mbah a Moute;PF;29;LAC;51;37;16.4;1.1;2.6;0.415;0.2;0.6;0.379;0.9;2.1;0.425;0.456;0.5;0.8;0.595;0.9;1.5;2.4;0.4;0.5;0.3;0.5;1.3;2.9
272;James Michael McAdoo;PF;23;GSW;25;0;5.9;0.9;1.6;0.55;0;0;;0.9;1.6;0.55;0.55;0.5;1.1;0.481;0.6;0.7;1.3;0.4;0.3;0.2;0.4;0.7;2.3
276;Chris McCullough;PF;20;BRK;2;0;12.5;1.5;4;0.375;0.5;1.5;0.333;1;2.5;0.4;0.438;0;0;;0.5;1;1.5;0;0.5;0.5;1.5;3;3.5
279;Mitch McGary;PF;23;OKC;15;0;4;0.5;1.1;0.471;0;0.2;0;0.5;0.9;0.571;0.471;0.3;0.5;0.5;0.3;0.7;1;0.1;0.1;0.1;0.4;0.6;1.3
283;Josh McRoberts;PF;28;MIA;25;0;14.7;1.1;2.9;0.389;0.1;1;0.125;1;1.9;0.521;0.41;0.8;1;0.731;0.6;2.1;2.7;1.6;0.5;0.2;0.8;1.6;3.1
286;Jordan Mickey;PF;21;BOS;3;0;2;0.7;1;0.667;0;0;;0.7;1;0.667;0.667;1;1;1;0.7;0.3;1;0.3;0;0.3;0;0.3;2.3
293;Paul Millsap;PF;30;ATL;54;54;32.4;6.3;13;0.486;0.9;2.7;0.324;5.4;10.3;0.528;0.519;4.2;5.5;0.766;2.4;6.1;8.6;3.3;1.9;1.4;2.4;2.9;17.7
294;Nikola Mirotic;PF;24;CHI;44;31;24;3.4;8.8;0.386;1.7;4.8;0.354;1.7;4.1;0.422;0.481;2.1;2.7;0.78;1;4.9;5.9;1.4;0.9;0.7;1.5;2;10.6
298;Eric Moreland;PF;24;SAC;5;0;4.8;0.4;0.6;0.667;0;0;;0.4;0.6;0.667;0.667;0;0.4;0;0.2;1;1.2;0;0;0.8;0;0.4;0.8
300;Markieff Morris;PF;26;PHO;37;24;24.8;4.6;11.6;0.397;0.6;2.1;0.289;4;9.6;0.42;0.422;1.8;2.5;0.717;1.2;4.1;5.2;2.4;0.9;0.5;2.4;2.8;11.6
302;Donatas Motiejunas;PF;25;HOU;14;1;13.4;2.2;4.4;0.5;0.5;1.2;0.412;1.7;3.2;0.533;0.556;0.6;1;0.643;0.5;1.6;2.1;1;0.4;0.1;1.8;1.8;5.6
306;Mike Muscala;PF;24;ATL;40;0;11.1;1.5;2.9;0.504;0.3;0.8;0.303;1.2;2.1;0.585;0.548;0.6;0.7;0.793;0.6;1.6;2.2;0.6;0.2;0.5;0.6;1.4;3.7
307;Larry Nance Jr.;PF;23;LAL;40;22;20.3;2.6;4.9;0.541;0;0.1;0.333;2.6;4.8;0.545;0.544;0.5;0.8;0.7;1.5;3.5;5;0.7;0.8;0.3;0.7;2;5.8
312;Andrew Nicholson;PF;26;ORL;36;0;15.3;2.4;5.4;0.438;0.7;2;0.352;1.7;3.4;0.488;0.503;0.7;0.9;0.781;0.7;2.9;3.6;0.3;0.2;0.4;0.8;1.3;6.1
314;Nerlens Noel;PF;21;PHI;46;42;29.3;4.4;8.3;0.533;0;0;;4.4;8.3;0.533;0.533;1.9;3.2;0.584;2.2;6;8.2;1.6;1.7;1.6;2.4;2.6;10.8
316;Steve Novak;PF;32;OKC;7;0;3.4;0.9;1.7;0.5;0.7;1.3;0.556;0.1;0.4;0.333;0.708;0;0;;0;0.6;0.6;0;0;0;0.1;0.1;2.4
317;Dirk Nowitzki;PF;37;DAL;49;49;31;6.3;14.2;0.445;1.6;4.2;0.385;4.7;10;0.471;0.503;3.3;3.6;0.904;0.7;5.9;6.6;1.7;0.7;0.7;1;1.9;17.6
320;Johnny O'Bryant;PF;22;MIL;47;3;14.3;1.4;3.4;0.41;0;0;1;1.4;3.4;0.406;0.413;0.5;0.7;0.667;1.1;1.8;2.9;0.6;0.3;0.1;0.6;1.7;3.3
321;Kyle O'Quinn;PF;25;NYK;43;1;11.2;1.9;4;0.476;0;0.3;0.071;1.9;3.6;0.513;0.479;0.7;0.9;0.769;1.1;2.5;3.7;1.1;0.4;0.7;1;1.7;4.5
328;Jabari Parker;PF;20;MIL;48;44;28.9;4.8;9.7;0.488;0;0.1;0;4.8;9.6;0.496;0.488;1.8;2.3;0.768;1.6;3.1;4.7;1.4;0.8;0.4;1.2;1.8;11.3
332;Patrick Patterson;PF;26;TOR;52;0;24.4;2.4;6;0.395;1.3;3.9;0.348;1;2.1;0.482;0.508;0.2;0.2;0.9;0.8;3.4;4.2;1.1;0.8;0.3;0.8;1.5;6.3
334;Adreian Payne;PF;24;MIN;33;2;9.4;1.1;2.6;0.414;0.2;0.7;0.348;0.8;1.9;0.438;0.46;0.2;0.4;0.667;0.3;1.7;2;0.5;0.3;0.2;0.6;1.5;2.7
344;Bobby Portis;PF;20;CHI;32;0;16.2;3;6.7;0.449;0.2;0.8;0.28;2.8;5.9;0.471;0.465;0.8;1.1;0.714;1.7;2.9;4.6;0.6;0.5;0.4;1;1.7;7
345;Kristaps Porzingis;PF;20;NYK;54;54;28.2;5.1;12;0.426;1.1;3.2;0.349;4;8.8;0.455;0.473;2.6;3;0.848;2.1;5.6;7.7;1.2;0.8;1.9;1.7;2.8;13.9
346;Dwight Powell;PF;24;DAL;52;0;16.4;2.4;4.8;0.5;0;0.2;0.167;2.4;4.6;0.517;0.504;1.8;2.4;0.748;1.3;3.3;4.6;0.7;0.5;0.4;0.7;1.9;6.7
352;Julius Randle;PF;21;LAL;54;33;27.3;4.3;10.4;0.417;0.1;0.4;0.304;4.2;9.9;0.422;0.423;2.3;3.3;0.7;2.2;7.8;10;1.7;0.6;0.4;1.9;3.1;11.1
353;Zach Randolph;PF;34;MEM;48;33;28.9;6;12.2;0.491;0;0.2;0.2;5.9;12;0.496;0.492;2.2;2.9;0.754;2.8;5.2;8;1.6;0.6;0.2;1.5;2;14.2
355;Willie Reed;PF;25;BRK;26;0;10.3;1.8;3.1;0.588;0;0;;1.8;3.1;0.588;0.588;0.6;1.2;0.5;1;1.7;2.7;0.2;0.1;0.5;0.5;1.3;4.2
361;Thomas Robinson;PF;24;BRK;48;0;10.3;1.4;3.2;0.454;0;0;;1.4;3.2;0.454;0.454;0.5;1.1;0.49;1.5;2.4;3.9;0.3;0.4;0.6;0.8;1.2;3.4
362;Glenn Robinson III;PF;22;IND;38;4;11.6;1.4;3.3;0.417;0.3;0.8;0.333;1.1;2.6;0.443;0.457;0.7;1;0.711;0.3;1.3;1.6;0.6;0.4;0.2;0.4;0.5;3.8
374;Luis Scola;PF;35;TOR;52;52;22.9;3.8;8.5;0.45;0.8;1.8;0.432;3;6.7;0.455;0.497;1;1.3;0.785;1.3;3.9;5.3;0.9;0.7;0.4;0.9;2.4;9.4
375;Mike Scott;PF;27;ATL;49;0;14.5;2.5;5.1;0.49;0.8;2;0.408;1.7;3.1;0.542;0.57;0.7;0.9;0.795;0.7;1.8;2.5;1;0.3;0.2;0.6;1.3;6.6
387;Josh Smith;PF;30;TOT;43;2;15.3;2.3;6.3;0.366;0.7;2.3;0.287;1.7;4;0.413;0.419;0.8;1.3;0.589;1;2.7;3.7;1.5;0.6;1;1.3;2.1;6.1
387;Josh Smith;PF;30;LAC;32;1;14.3;2.2;5.6;0.383;0.6;1.8;0.31;1.6;3.8;0.418;0.433;0.8;1.3;0.595;1;2.9;3.9;1.3;0.6;1.1;1.3;1.9;5.7
387;Josh Smith;PF;30;HOU;11;1;17.9;2.8;8.5;0.333;1;3.9;0.256;1.8;4.5;0.4;0.392;0.7;1.3;0.571;0.9;2.2;3.1;2.2;0.7;0.9;1.5;2.5;7.4
390;Marreese Speights;PF;28;GSW;43;0;11.1;2.4;6.2;0.393;0.2;0.5;0.348;2.3;5.7;0.398;0.408;1.2;1.5;0.803;1.1;2.3;3.4;0.7;0.2;0.3;0.9;1.6;6.3
397;Jared Sullinger;PF;23;BOS;54;46;23.4;4.2;9.6;0.432;0.4;1.4;0.269;3.8;8.2;0.46;0.452;1.2;1.9;0.631;2.5;6;8.5;2.3;0.9;0.7;1.3;2.8;9.9
400;Mirza Teletovic;PF;30;PHO;52;1;18.3;3.4;8.1;0.422;2.1;5.1;0.405;1.4;3;0.449;0.549;1.1;1.5;0.776;0.5;2.4;3;1;0.3;0.3;0.8;1.5;10
408;Tristan Thompson;PF;24;CLE;52;22;28.2;3;5.2;0.576;0;0;;3;5.2;0.576;0.576;1.7;2.8;0.614;3.5;6.1;9.5;0.7;0.3;0.4;0.8;2.5;7.7
410;Anthony Tolliver;PF;30;DET;53;2;20;1.8;4.7;0.382;1.4;3.8;0.366;0.4;0.9;0.447;0.53;0.5;0.7;0.641;0.6;2.9;3.5;0.8;0.4;0.2;0.4;1.3;5.5
420;Charlie Villanueva;PF;31;DAL;44;4;12;2.2;5.8;0.383;0.8;3;0.252;1.5;2.8;0.52;0.447;0.4;0.4;0.889;0.4;2.3;2.7;0.5;0.3;0.3;0.6;1.3;5.6
421;Noah Vonleh;PF;20;POR;50;39;16;1.5;3.5;0.429;0.1;0.5;0.16;1.4;3;0.473;0.44;0.5;0.6;0.813;1.3;2.8;4.1;0.5;0.5;0.3;0.6;2;3.6
431;David West;PF;35;SAS;52;15;17.2;3;5.2;0.57;0;0.1;0.333;3;5.2;0.572;0.572;0.7;1;0.76;0.8;3.2;3.9;1.8;0.5;0.6;0.9;1.9;6.7
434;Shayne Whittington;PF;24;IND;4;0;2.5;0.5;0.8;0.667;0;0;;0.5;0.8;0.667;0.667;0;0;;0.3;0.5;0.8;0.5;0.3;0.3;0.5;0.8;1
438;Derrick Williams;PF;24;NYK;54;0;16.9;2.9;6.9;0.429;0.4;1.9;0.225;2.5;5;0.506;0.46;2.6;3.4;0.762;0.6;3.1;3.7;0.9;0.4;0.1;0.6;0.9;8.9
441;Marvin Williams;PF;29;CHO;53;53;29.1;3.7;8.5;0.44;1.7;4.4;0.386;2;4.1;0.498;0.54;1.4;1.6;0.869;1.5;5;6.6;1.4;0.6;1;0.7;1.6;10.5
445;Christian Wood;PF;20;PHI;14;0;8.1;1.4;3.1;0.442;0.3;0.6;0.444;1.1;2.4;0.441;0.488;0.6;0.9;0.692;0.7;1.6;2.3;0.2;0.4;0.4;0.1;0.6;3.6
447;Brandan Wright;PF;28;MEM;7;0;17.1;2.6;4.3;0.6;0;0;;2.6;4.3;0.6;0.6;1.4;2.6;0.556;0.9;2.6;3.4;0.6;0.1;1.4;0.6;1.3;6.6
453;Thaddeus Young;PF;27;BRK;54;54;32.6;6.8;13.2;0.513;0.1;0.4;0.217;6.7;12.7;0.523;0.517;1.5;2.4;0.617;2.5;6.6;9.1;1.7;1.4;0.4;1.9;2.3;15.1
22;Keith Appling;PG;23;ORL;5;0;5.4;0.4;1.6;0.25;0;0.6;0;0.4;1;0.4;0.25;0.4;0.4;1;0;0.2;0.2;0.2;0.2;0;0.6;1;1.2
26;D.J. Augustin;PG;28;OKC;34;0;15.3;1.4;3.6;0.38;0.7;1.8;0.393;0.6;1.8;0.367;0.479;0.8;1;0.765;0.1;1.1;1.3;1.9;0.4;0.1;0.9;1.2;4.2
31;J.J. Barea;PG;31;DAL;49;9;21.9;3.6;8.8;0.415;1.2;3.4;0.361;2.4;5.4;0.449;0.485;1;1.3;0.769;0.3;1.6;1.9;3.9;0.3;0;1.5;1.6;9.5
44;Patrick Beverley;PG;27;HOU;44;36;26.7;3.3;7.8;0.42;1.7;4.1;0.403;1.6;3.7;0.438;0.526;0.7;1.1;0.653;0.9;2.1;3;2.8;1.2;0.3;1.2;3.1;8.9
49;Steve Blake;PG;35;DET;30;0;15.6;1.6;4.1;0.395;1;2.7;0.363;0.7;1.5;0.455;0.512;0.2;0.2;0.714;0.2;1.3;1.5;2.9;0.5;0.1;1.4;1.1;4.4
50;Eric Bledsoe;PG;26;PHO;31;31;34.2;7.2;15.9;0.453;1.5;4.2;0.372;5.6;11.7;0.482;0.502;4.5;5.5;0.802;0.6;3.5;4;6.1;2;0.6;3.5;2.4;20.4
59;Aaron Brooks;PG;31;CHI;42;0;15.9;2.7;6.8;0.394;1;2.8;0.362;1.7;4.1;0.415;0.467;0.7;0.9;0.833;0.4;1.4;1.7;2.4;0.4;0.2;1;2.1;7.1
61;Lorenzo Brown;PG;25;PHO;8;0;7.6;1;3.1;0.32;0.1;1;0.125;0.9;2.1;0.412;0.34;0.4;0.5;0.75;0;0.9;0.9;1.4;0.4;0.1;1.1;0.5;2.5
66;Trey Burke;PG;23;UTA;49;0;23.6;4.6;11;0.423;1.5;4.3;0.347;3.1;6.6;0.472;0.492;1;1.3;0.785;0.3;1.7;2;2.6;0.6;0.1;1.3;1.3;11.8
72;Jose Calderon;PG;34;NYK;51;51;27.6;2.9;6.1;0.469;1.2;2.8;0.407;1.7;3.3;0.524;0.564;0.6;0.6;0.879;0.3;2.8;3.1;4.1;1;0.1;1.2;1.7;7.5
74;Isaiah Canaan;PG;24;PHI;52;24;24.5;3.1;8.8;0.355;2.2;5.9;0.369;0.9;2.9;0.327;0.479;1.8;2.2;0.816;0.2;2;2.2;1.8;0.8;0.2;1.3;1.7;10.2
78;Michael Carter-Williams;PG;24;MIL;49;37;30.4;4.6;10.2;0.453;0.3;0.9;0.289;4.3;9.3;0.469;0.466;2;3;0.664;0.9;4.1;5.1;5.5;1.6;0.7;2.9;2.9;11.5
81;Mario Chalmers;PG;29;TOT;50;5;22;3;7;0.426;0.8;2.4;0.314;2.2;4.6;0.485;0.48;3.2;3.9;0.811;0.3;2.2;2.6;3.8;1.3;0.2;1.9;2.9;9.9
81;Mario Chalmers;PG;29;MIA;6;0;20;1.7;5.3;0.313;0.2;1.8;0.091;1.5;3.5;0.429;0.328;2;2.2;0.923;0.2;2.2;2.3;3.2;1.3;0.2;1.5;2.7;5.5
81;Mario Chalmers;PG;29;MEM;44;5;22.3;3.2;7.2;0.437;0.8;2.5;0.336;2.3;4.7;0.49;0.495;3.3;4.2;0.803;0.4;2.2;2.6;3.9;1.3;0.2;1.9;2.9;10.5
85;Norris Cole;PG;27;NOP;36;14;26;4.2;10.6;0.396;0.7;2.3;0.298;3.5;8.3;0.424;0.429;1;1.2;0.795;0.2;3.1;3.3;3.3;0.8;0.1;1.6;2.2;10.1
86;Darren Collison;PG;28;SAC;48;4;28.2;4.8;10.2;0.475;1.1;2.9;0.381;3.7;7.3;0.513;0.53;2.6;3.1;0.846;0.4;1.8;2.1;3.9;0.9;0;1.7;1.8;13.4
88;Mike Conley;PG;28;MEM;47;47;31.5;5.1;12.3;0.412;1.4;3.9;0.359;3.7;8.4;0.436;0.468;3.4;4;0.845;0.4;2.6;3;6.1;1.2;0.3;1.5;1.8;14.9
91;Bryce Cotton;PG;23;PHO;3;0;11;0.7;2.7;0.25;0;1;0;0.7;1.7;0.4;0.25;0;0;;0;0;0;1;1;0;1.7;0.7;1.3
99;Seth Curry;PG;25;SAC;25;0;10.1;1.1;2.6;0.438;0.5;1.2;0.419;0.6;1.3;0.455;0.539;0.8;1;0.76;0.1;0.6;0.8;0.7;0.4;0;0.5;0.6;3.5
100;Stephen Curry;PG;27;GSW;50;50;33.8;10;19.6;0.508;4.9;10.8;0.454;5.1;8.8;0.574;0.633;5;5.4;0.912;0.9;4.5;5.3;6.6;2.1;0.2;3.3;2;29.8
113;Spencer Dinwiddie;PG;22;DET;9;0;12.3;1.6;3.9;0.4;0.1;0.8;0.143;1.4;3.1;0.464;0.414;1.2;2.1;0.579;0;1;1;1.4;0.2;0;0.6;1.8;4.4
114;Toney Douglas;PG;29;NOP;32;0;15.2;2.1;5.1;0.411;1;2.4;0.403;1.1;2.7;0.419;0.506;0.8;0.9;0.833;0.3;0.9;1.2;1.8;1.1;0;0.6;1.8;5.9
126;Tyler Ennis;PG;21;MIL;24;5;8.7;1;2.5;0.4;0.2;0.6;0.286;0.8;1.9;0.435;0.433;0.4;0.5;0.75;0.1;0.9;1;1;0.3;0;0.6;1;2.5
128;Tyreke Evans;PG;26;NOP;25;25;30.6;5.4;12.6;0.433;1.3;3.4;0.388;4.1;9.2;0.45;0.486;3;3.7;0.796;0.8;4.4;5.2;6.6;1.3;0.3;2.9;2.6;15.2
133;Raymond Felton;PG;31;DAL;54;22;27.1;3.5;8.4;0.415;0.9;2.7;0.329;2.6;5.7;0.456;0.468;1.8;2.1;0.843;0.4;2.9;3.3;3.4;0.9;0.1;1.4;1.6;9.6
136;Tim Frazier;PG;25;POR;35;1;7.8;0.6;1.7;0.333;0.1;0.5;0.176;0.5;1.2;0.395;0.358;0.2;0.4;0.533;0.3;0.8;1.1;1.2;0.3;0;0.8;0.9;1.5
140;Langston Galloway;PG;24;NYK;55;6;25.1;3;7;0.421;1;2.7;0.376;1.9;4.3;0.45;0.494;1.1;1.4;0.789;0.6;3.1;3.7;2.3;0.9;0.2;0.7;2.2;8
156;Jerian Grant;PG;23;NYK;51;0;15.7;1.6;4.7;0.349;0.2;1.1;0.148;1.5;3.6;0.408;0.366;1.3;1.6;0.783;0.3;1.4;1.7;2.4;0.5;0.1;1;1.4;4.7
159;Erick Green;PG;24;TOT;9;0;4.7;0.6;1.4;0.385;0.1;0.6;0.2;0.4;0.9;0.5;0.423;0.2;0.2;1;0.3;0.3;0.7;0.3;0.1;0;0;0.4;1.4
159;Erick Green;PG;24;DEN;3;0;2.3;0;0.3;0;0;0.3;0;0;0;;0;0;0;;0;0.3;0.3;0.3;0;0;0;0;0
159;Erick Green;PG;24;UTA;6;0;5.8;0.8;2;0.417;0.2;0.7;0.25;0.7;1.3;0.5;0.458;0.3;0.3;1;0.5;0.3;0.8;0.3;0.2;0;0;0.7;2.2
170;Devin Harris;PG;32;DAL;40;0;19.6;2.6;5.7;0.46;0.7;2.1;0.337;1.9;3.6;0.531;0.522;1.5;2.2;0.682;0.3;1.8;2.1;2.1;1;0.2;1;2;7.4
185;George Hill;PG;29;IND;46;45;35.2;4.8;10.6;0.45;1.9;4.4;0.431;2.9;6.2;0.463;0.539;1.6;2.1;0.753;0.7;3.1;3.9;3.3;1.3;0.2;1.5;2;13
190;Jrue Holiday;PG;25;NOP;47;14;26.1;5.7;13.1;0.438;1.2;3.5;0.341;4.6;9.6;0.472;0.483;2.4;3;0.799;0.5;2.4;2.9;5.5;1.2;0.4;2.2;2.2;15
198;Marcelo Huertas;PG;32;LAL;29;0;11.4;1.1;2.8;0.39;0.3;0.9;0.296;0.8;1.9;0.436;0.439;0.2;0.2;1;0.3;0.9;1.3;2.4;0.4;0.1;1.1;1.2;2.7
206;Kyrie Irving;PG;23;CLE;26;26;29.8;7.4;16;0.464;1.3;4.3;0.295;6.2;11.7;0.526;0.504;2.8;3.3;0.871;0.9;2.2;3.1;4.5;0.9;0.2;2;1.8;19
207;Jarrett Jack;PG;32;BRK;32;32;32.1;4.4;11.2;0.391;1;3.2;0.304;3.4;8;0.426;0.434;3.1;3.5;0.893;0.3;4;4.3;7.4;1.1;0.2;2.9;2.4;12.8
208;Reggie Jackson;PG;25;DET;53;53;31;7.1;16.1;0.442;1.5;4.1;0.37;5.6;12;0.466;0.489;3.4;4.1;0.83;0.8;2.6;3.4;6.2;0.8;0.1;2.7;2.2;19.1
214;Brandon Jennings;PG;26;DET;23;1;18.1;2.3;6.2;0.373;1;3.3;0.312;1.3;2.8;0.446;0.458;1.2;1.7;0.711;0.2;1.8;2;3;0.5;0.1;1;1;6.8
227;Tyus Jones;PG;19;MIN;10;0;11;1.2;3.6;0.333;0.2;0.5;0.4;1;3.1;0.323;0.361;0.4;0.6;0.667;0.3;1.5;1.8;1.9;0.4;0.1;0.8;0.6;3
229;Cory Joseph;PG;24;TOR;52;0;25.8;3.3;7.1;0.459;0.3;1.2;0.258;3;5.9;0.5;0.481;1.9;2.5;0.75;0.5;2.2;2.6;3.1;0.8;0.3;1.3;1.7;8.8
243;Shane Larkin;PG;23;BRK;50;5;20.6;2.7;6;0.442;0.5;1.5;0.356;2.1;4.6;0.469;0.485;0.8;1;0.804;0.2;2;2.3;3.9;1.2;0.2;1.8;1.6;6.7
245;Zach LaVine;PG;20;MIN;54;7;24.4;4.8;11.1;0.434;1.1;3.1;0.345;3.8;8.1;0.468;0.482;2.1;2.6;0.8;0.4;2.6;2.9;3.2;0.6;0.2;1.9;2.4;12.8
246;Ty Lawson;PG;28;HOU;48;12;23.4;2.2;5.7;0.392;0.6;1.9;0.337;1.6;3.8;0.42;0.449;1.1;1.6;0.705;0.4;1.4;1.8;3.6;0.8;0.1;1.6;1.4;6.3
253;Damian Lillard;PG;25;POR;47;47;36.1;8.2;19.7;0.418;2.9;8.1;0.363;5.3;11.6;0.456;0.492;4.9;5.7;0.861;0.7;3.7;4.4;7.3;1;0.3;3.3;2.4;24.3
254;Jeremy Lin;PG;27;CHO;50;11;26.9;4.1;9.7;0.42;1;3;0.327;3.1;6.7;0.462;0.471;3;3.8;0.8;0.6;2.7;3.3;3.3;0.7;0.6;1.9;2.3;12.1
255;Shaun Livingston;PG;30;GSW;49;2;19.3;2.7;5.1;0.54;0;0.2;0.167;2.7;4.8;0.559;0.544;1;1.1;0.889;0.6;1.3;1.9;2.9;0.7;0.2;0.9;1.7;6.5
260;Kyle Lowry;PG;29;TOR;52;52;36.8;6.6;15.6;0.425;2.8;7.1;0.392;3.8;8.4;0.453;0.515;4.9;5.8;0.857;0.7;4.2;4.9;6.3;2.2;0.5;2.9;2.7;21
262;Shelvin Mack;PG;25;ATL;24;0;7.5;1.7;4;0.421;0.2;1.1;0.148;1.5;2.8;0.529;0.442;0.4;0.5;0.75;0.1;0.8;0.9;1.6;0.3;0;0.6;0.3;3.9
266;Kendall Marshall;PG;24;PHI;14;5;14.3;1.4;4.4;0.328;0.4;1.6;0.261;1;2.7;0.368;0.377;0.3;0.4;0.667;0.1;0.9;0.9;3.2;0.5;0;2.2;0.9;3.6
273;Ray McCallum;PG;24;SAS;25;3;9.6;1;2.5;0.419;0.2;0.6;0.333;0.8;1.9;0.447;0.46;0.3;0.3;1;0.2;1;1.2;1.2;0.2;0.2;0.4;0.6;2.6
275;T.J. McConnell;PG;23;PHI;53;17;20.9;2.7;5.8;0.469;0.4;1.3;0.343;2.3;4.5;0.504;0.507;0.3;0.5;0.607;0.6;3;3.6;4.8;1.3;0.2;2;1.5;6.2
282;Jordan McRae;PG;24;PHO;6;0;11.3;1.5;3.5;0.429;0.3;1.5;0.222;1.2;2;0.583;0.476;1.5;1.8;0.818;0.2;0.8;1;1.2;0.3;0;0.8;0.7;4.8
289;Andre Miller;PG;39;MIN;26;0;10.8;1.4;2.2;0.621;0;0.2;0.25;1.3;2.1;0.648;0.629;0.6;0.7;0.789;0.2;0.7;0.9;2.2;0.3;0;1;1.2;3.4
291;Patrick Mills;PG;27;SAS;53;2;20.2;3.3;7.3;0.446;1.5;3.7;0.393;1.8;3.6;0.5;0.545;0.4;0.5;0.75;0.3;1.7;2;2.6;0.8;0.1;0.9;1.2;8.4
304;Emmanuel Mudiay;PG;19;DEN;40;38;30.2;4.3;12.5;0.34;0.8;2.9;0.272;3.5;9.7;0.36;0.371;2.1;3.5;0.616;0.5;2.8;3.2;5.9;1.1;0.6;3.5;2;11.4
308;Shabazz Napier;PG;24;ORL;44;0;12.1;1.4;4;0.345;0.6;1.9;0.329;0.7;2;0.36;0.425;0.7;0.9;0.763;0.2;0.9;1.1;2;0.5;0;1;0.8;4
310;Jameer Nelson;PG;33;DEN;38;15;27.1;3;8.1;0.369;1.1;3.8;0.299;1.8;4.3;0.432;0.44;0.8;0.9;0.857;0.5;2.5;3;5;0.7;0.1;1.7;2.6;7.9
311;Raul Neto;PG;23;UTA;51;50;20.5;2.4;5.7;0.423;0.9;2.2;0.396;1.5;3.5;0.439;0.498;0.5;0.7;0.703;0.3;1.3;1.5;2.5;0.9;0;1.4;1.7;6.2
329;Tony Parker;PG;33;SAS;48;48;26.7;5;9.7;0.516;0.3;0.8;0.432;4.7;9;0.523;0.533;1.6;2.2;0.76;0.3;2.3;2.6;5.1;0.9;0.1;1.7;1.6;12
333;Chris Paul;PG;30;LAC;48;48;33;7;15.3;0.456;1.6;4.2;0.378;5.4;11.1;0.486;0.508;3.8;4.3;0.88;0.6;3.3;3.8;9.4;2.1;0.2;2.8;2.7;19.3
335;Cameron Payne;PG;21;OKC;37;0;12.2;2.2;5;0.435;0.8;2.1;0.397;1.3;2.9;0.462;0.519;0.3;0.4;0.769;0.2;1.5;1.7;2.1;0.7;0.1;0.6;1.4;5.4
336;Elfrid Payton;PG;21;ORL;48;47;29.9;4.5;10.5;0.426;0.4;1.2;0.362;4;9.3;0.434;0.447;1.7;2.7;0.615;1;2.6;3.6;5.8;1.3;0.3;2.4;2.3;11.1
348;Phil Pressey;PG;24;PHI;14;0;12.1;1.5;3.9;0.382;0.3;0.9;0.308;1.2;3;0.405;0.418;0.6;1.3;0.5;0;1.6;1.6;3.3;0.8;0.1;1.4;1;3.9
349;Ronnie Price;PG;32;PHO;34;1;14.8;1.4;3.6;0.382;0.9;2.5;0.381;0.4;1.1;0.385;0.512;0.5;0.6;0.895;0.3;0.8;1.1;1.7;1.1;0.1;0.8;2.3;4.2
350;Pablo Prigioni;PG;38;LAC;33;1;13.5;0.8;2;0.388;0.4;1.3;0.279;0.4;0.7;0.583;0.478;0.1;0.1;1;0.7;1.2;1.8;2;1;0;0.8;1.4;2
359;Brian Roberts;PG;30;CHO;30;0;11.1;1.7;3.8;0.443;0.3;0.9;0.333;1.4;2.9;0.477;0.483;1.1;1.2;0.919;0.1;0.8;1;1.3;0.2;0;0.5;0.8;4.8
360;Nate Robinson;PG;31;NOP;2;1;11.5;0;0.5;0;0;0.5;0;0;0;;0;0;0;;0;0;0;2;0.5;0;0;2.5;0
363;Rajon Rondo;PG;29;SAC;51;51;35.1;4.9;10.9;0.452;0.8;2.1;0.358;4.2;8.8;0.475;0.487;1.3;2.2;0.575;1.2;5.1;6.3;11.9;1.9;0.2;3.9;2.3;11.9
364;Derrick Rose;PG;27;CHI;45;45;32.2;6.5;16;0.408;0.6;2.3;0.255;5.9;13.7;0.433;0.426;2.3;2.8;0.797;0.7;2.9;3.5;4.8;0.6;0.3;2.7;1.6;15.9
366;Terry Rozier;PG;21;BOS;18;0;5.9;0.7;2.7;0.245;0.1;0.7;0.167;0.6;2.1;0.27;0.265;0.2;0.2;1;0.4;0.6;1.1;0.6;0;0;0.4;0.6;1.6
367;Ricky Rubio;PG;25;MIN;48;48;30.3;2.8;7.8;0.361;0.6;2.2;0.292;2.2;5.6;0.388;0.402;3.5;4.2;0.826;0.6;3.8;4.4;8.6;2.2;0.1;2.3;2.6;9.7
370;D'Angelo Russell;PG;19;LAL;53;22;27.1;4.7;11.4;0.415;1.5;4.6;0.332;3.2;6.8;0.472;0.483;1.2;1.8;0.699;0.6;3;3.6;3.3;1.2;0.2;2.4;1.7;12.2
373;Dennis Schroder;PG;22;ATL;53;6;20.7;4;9.7;0.413;1;3.1;0.333;3;6.6;0.45;0.466;1.7;2.1;0.788;0.4;2.4;2.8;4.5;1;0.1;2.1;1.6;10.7
378;Ramon Sessions;PG;29;WAS;51;0;20.4;3.2;6.9;0.47;0.5;1.4;0.315;2.8;5.5;0.511;0.503;3;3.9;0.768;0.3;2.3;2.5;2.8;0.7;0.1;1.4;1.4;9.9
382;Donald Sloan;PG;28;BRK;34;17;19.9;2.1;4.9;0.435;0.6;1.5;0.431;1.5;3.4;0.436;0.5;0.9;1.3;0.744;0.4;2.4;2.8;4.1;0.5;0;1.4;1.1;5.9
383;Marcus Smart;PG;21;BOS;34;8;27.1;3.3;9;0.363;1.2;4.2;0.287;2.1;4.8;0.429;0.43;2.1;2.9;0.753;1.2;2.9;4.1;3;1.7;0.3;1.3;2.9;9.9
384;Ish Smith;PG;27;TOT;48;24;26.5;4.9;12;0.405;0.4;1.4;0.279;4.5;10.6;0.422;0.421;1.5;2.1;0.737;0.5;3;3.6;6.6;1.1;0.3;2.1;1.6;11.7
384;Ish Smith;PG;27;NOP;27;3;22.9;3.6;8.4;0.43;0.4;1.2;0.303;3.3;7.2;0.451;0.452;1.2;1.6;0.767;0.5;2.9;3.4;5.7;0.9;0.2;1.7;1.4;8.9
384;Ish Smith;PG;27;PHI;21;21;31.2;6.5;16.7;0.389;0.4;1.7;0.257;6;15;0.403;0.401;1.9;2.7;0.714;0.6;3.2;3.8;7.9;1.5;0.3;2.7;1.9;15.3
388;Russ Smith;PG;24;MEM;15;0;4.4;0.5;1.5;0.318;0.1;0.3;0.2;0.4;1.1;0.353;0.341;0.5;0.9;0.615;0.1;0.5;0.6;0.7;0.3;0.1;0.5;0.3;1.5
396;Rodney Stuckey;PG;29;IND;33;0;25;3.6;8.8;0.41;0.3;1.5;0.208;3.3;7.3;0.45;0.428;2.3;2.8;0.828;0.5;3;3.4;2.6;0.8;0.2;1.5;1.4;9.8
399;Jeff Teague;PG;27;ATL;52;51;28.6;5.3;12.2;0.432;1.2;3;0.408;4;9.2;0.44;0.483;3.3;3.9;0.849;0.4;2.2;2.7;5.5;1.3;0.3;2.8;2.1;15.1
403;Isaiah Thomas;PG;26;BOS;55;52;32.5;7;16.5;0.423;1.9;5.6;0.347;5;10.9;0.462;0.482;5.7;6.3;0.897;0.5;2.5;3;6.6;1.2;0.1;2.7;2.1;21.5
415;Beno Udrih;PG;33;TOT;41;5;16.3;2;4.5;0.446;0.3;1;0.341;1.7;3.5;0.476;0.484;0.4;0.4;0.944;0.2;1.5;1.7;2.7;0.3;0;1.2;1.2;4.8
415;Beno Udrih;PG;33;MEM;8;0;15;2.5;5.8;0.435;0.5;1.4;0.364;2;4.4;0.457;0.478;0.4;0.4;1;0.3;0.9;1.1;3.3;0.4;0.1;1.4;1.4;5.9
415;Beno Udrih;PG;33;MIA;33;5;16.6;1.9;4.2;0.449;0.3;0.9;0.333;1.6;3.3;0.481;0.486;0.4;0.5;0.933;0.2;1.6;1.8;2.6;0.3;0;1.1;1.1;4.5
418;Greivis Vasquez;PG;29;MIL;16;0;22.6;2.4;7;0.348;0.9;3.4;0.259;1.6;3.6;0.431;0.411;1.4;1.6;0.88;0.3;2.1;2.3;4.4;0.4;0;1.9;2.1;7.1
426;Kemba Walker;PG;25;CHO;52;52;35.8;7;16.7;0.423;1.9;5.2;0.365;5.1;11.4;0.449;0.48;4.5;5.3;0.851;0.8;3.6;4.4;5;1.8;0.6;2.2;1.3;20.5
427;John Wall;PG;25;WAS;51;51;36.1;7.5;17.5;0.428;1.5;4.4;0.35;5.9;13.1;0.454;0.471;3.5;4.5;0.784;0.6;3.9;4.5;9.9;2.1;0.8;4.3;2.1;20
429;C.J. Watson;PG;31;ORL;8;0;19.5;1.8;4.8;0.368;0.6;2;0.313;1.1;2.8;0.409;0.434;0.6;0.9;0.714;0.5;1.5;2;3.1;1;0;0.8;1.3;4.8
432;Russell Westbrook;PG;27;OKC;54;54;34.3;8.5;18.6;0.458;1.2;4;0.296;7.3;14.6;0.503;0.49;5.9;7.2;0.822;1.8;5.8;7.6;10;2.3;0.2;4.2;2.5;24.1
437;Deron Williams;PG;31;DAL;46;44;32.1;5;12.1;0.412;1.4;4.2;0.337;3.6;7.9;0.452;0.47;2.7;3.1;0.887;0.3;2.6;2.9;5.4;1;0.2;2.3;2.3;14.1
439;Elliot Williams;PG;26;MEM;5;0;9;0.4;2;0.2;0.2;0.8;0.25;0.2;1.2;0.167;0.25;0.6;0.8;0.75;0.2;0.6;0.8;0.8;0;0;0.2;0.4;1.6
442;Mo Williams;PG;33;CLE;34;14;20.2;3.6;8.1;0.442;0.9;2.6;0.33;2.7;5.5;0.495;0.495;1.1;1.2;0.905;0.1;1.8;1.9;2.7;0.3;0.1;1.6;1.6;9.1
448;Delon Wright;PG;23;TOR;14;0;2.9;0.3;1;0.286;0.1;0.2;0.667;0.1;0.8;0.182;0.357;0.2;0.4;0.5;0.1;0.4;0.5;0.3;0.1;0;0.2;0.2;0.9
449;Tony Wroten;PG;22;PHI;8;3;18;2.8;8.1;0.338;0.4;2.1;0.176;2.4;6;0.396;0.362;2.5;4.6;0.541;0.3;2.4;2.6;2.5;0.4;0;3.6;1.4;8.4
451;Joseph Young;PG;23;IND;28;0;9.1;1.5;3.8;0.393;0.3;1;0.276;1.2;2.8;0.436;0.43;0.6;0.8;0.783;0.2;0.9;1.1;1.5;0.4;0;0.8;0.7;3.9
10;Tony Allen;SF;34;MEM;46;39;24.7;2.7;6.3;0.427;0.2;0.6;0.407;2.4;5.7;0.429;0.446;1;1.8;0.593;1.6;3.2;4.8;0.9;1.6;0.3;0.9;2.8;6.6
11;Al-Farouq Aminu;SF;25;POR;54;54;29.3;3.8;9.2;0.409;1.5;4.2;0.35;2.3;5;0.459;0.489;1.4;2;0.717;1.2;5.1;6.4;1.6;0.9;0.6;1.6;2.2;10.4
16;Kyle Anderson;SF;22;SAS;49;3;13.1;1.4;3.1;0.464;0.1;0.4;0.316;1.3;2.7;0.485;0.484;0.8;1.1;0.736;0.3;2;2.2;1.3;0.5;0.4;0.6;1;3.8
18;Giannis Antetokounmpo;SF;21;MIL;52;51;34.6;6;11.9;0.505;0.3;1.3;0.239;5.7;10.6;0.537;0.518;3.6;4.7;0.758;1.4;5.7;7.1;2.8;1;1.2;2.5;3.4;15.9
19;Thanasis Antetokounmpo;SF;23;NYK;2;0;3;1.5;2;0.75;0;0.5;0;1.5;1.5;1;0.75;0;0;;0;0.5;0.5;0;0;0;0;1;3
20;Carmelo Anthony;SF;31;NYK;48;48;34.8;7.5;17.6;0.426;1.3;4.1;0.327;6.2;13.5;0.455;0.463;5;6.1;0.82;1.4;6.5;7.9;4.2;0.9;0.5;2.5;2.5;21.4
23;Trevor Ariza;SF;30;HOU;54;54;34.7;4.3;10.5;0.411;2.3;6;0.377;2;4.5;0.456;0.519;1.4;1.9;0.725;0.8;3.8;4.6;1.9;1.9;0.3;1.4;2.1;12.3
28;Luke Babbitt;SF;26;NOP;24;5;13.5;1.3;3.5;0.373;0.8;2.3;0.327;0.5;1.2;0.464;0.482;0.4;0.5;0.692;0.3;2;2.3;0.4;0.1;0.1;0.2;1.6;3.7
33;Harrison Barnes;SF;23;GSW;36;29;29.5;4.7;10;0.469;1.3;3.2;0.391;3.4;6.8;0.506;0.532;1.6;1.9;0.826;1.1;3.4;4.6;1.8;0.8;0.2;1;2.1;12.2
34;Matt Barnes;SF;35;MEM;49;18;26.3;3.1;7.7;0.404;1.5;4.3;0.34;1.7;3.4;0.485;0.499;1.1;1.3;0.815;1;4.1;5.1;1.8;1.1;0.8;1.3;3.1;8.8
40;Kent Bazemore;SF;26;ATL;50;43;28.5;4.5;10;0.45;1.6;4.1;0.39;2.9;5.9;0.492;0.53;1.8;2.1;0.83;0.4;4.6;5;2.4;1.3;0.4;1.9;2.3;12.4
51;Bojan Bogdanovic;SF;26;BRK;54;17;26.2;3.5;8.2;0.428;1.4;3.8;0.366;2.1;4.4;0.481;0.512;1;1.2;0.818;0.5;2.7;3.2;1;0.4;0.1;1.2;1.4;9.4
58;Corey Brewer;SF;29;HOU;55;12;21.3;2.7;7.1;0.38;0.9;3;0.293;1.8;4.1;0.444;0.442;1.3;1.7;0.802;0.5;2;2.5;1.5;1.1;0.2;1.1;2.2;7.6
60;Anthony Brown;SF;23;LAL;25;8;19;1.3;4;0.317;0.7;2.3;0.298;0.6;1.8;0.341;0.401;0.6;0.7;0.824;0.3;1.9;2.2;0.5;0.4;0.2;0.6;1;3.8
63;Kobe Bryant;SF;37;LAL;45;45;29.3;5.8;16.7;0.349;2;7.1;0.28;3.8;9.6;0.4;0.409;3.3;4.1;0.803;0.7;3.5;4.2;3.4;1;0.2;2.2;1.9;16.9
64;Chase Budinger;SF;27;IND;41;2;15.5;1.7;4.1;0.407;0.4;1.5;0.295;1.2;2.6;0.472;0.461;0.8;1.1;0.705;0.6;1.9;2.5;1;0.6;0.2;0.6;0.9;4.5
65;Reggie Bullock;SF;24;DET;18;0;4.9;0.1;1.1;0.053;0.1;0.6;0.1;0;0.5;0;0.079;0.2;0.2;1;0.2;0.3;0.4;0.2;0.1;0;0.1;0.3;0.3
68;Caron Butler;SF;35;SAC;9;1;9.6;1.2;2.9;0.423;0.1;0.9;0.125;1.1;2;0.556;0.442;0.1;0.2;0.5;0.3;0.9;1.2;0.3;0.6;0;0.2;0.8;2.7
70;Rasual Butler;SF;36;SAS;36;0;8.9;1;2.2;0.456;0.3;1.1;0.308;0.7;1.1;0.6;0.532;0.2;0.3;0.727;0;1.2;1.2;0.6;0.3;0.5;0.2;0.2;2.6
71;Bruno Caboclo;SF;20;TOR;3;0;1.3;0;0.7;0;0;0;;0;0.7;0;0;0;0;;0;0.3;0.3;0;0.3;0;0.3;0;0
76;DeMarre Carroll;SF;29;TOR;23;22;32;4.3;11.1;0.388;1.8;4.8;0.378;2.5;6.3;0.396;0.471;1.2;2.1;0.583;1.2;3.6;4.8;1;1.7;0.2;1.2;2.5;11.7
79;Omri Casspi;SF;27;SAC;48;19;29.3;4.5;9.2;0.488;1.9;4.4;0.422;2.6;4.8;0.547;0.588;1.3;2;0.635;0.7;5.6;6.3;1.4;0.8;0.3;1.4;2.4;12.1
93;Robert Covington;SF;25;PHI;44;30;27;3.7;9.8;0.378;2.1;6.3;0.338;1.5;3.4;0.45;0.487;1.9;2.4;0.788;0.9;4.9;5.8;1.4;1.6;0.6;2.4;3.4;11.4
96;Jae Crowder;SF;25;BOS;55;55;32.1;4.9;10.9;0.448;1.7;4.9;0.352;3.2;6.1;0.524;0.526;2.6;3.1;0.825;0.9;4.2;5.1;1.9;1.8;0.5;1.2;2.6;14.1
97;Dante Cunningham;SF;28;NOP;51;17;20.1;1.7;3.8;0.443;0.6;1.8;0.337;1.1;2;0.539;0.523;0.4;0.5;0.692;0.6;2.3;3;0.6;0.5;0.4;0.3;2;4.3
107;Sam Dekker;SF;21;HOU;3;0;2;0;0;;0;0;;0;0;;;0;0;;0;0.3;0.3;0;0.3;0;0;0;0
109;Luol Deng;SF;30;MIA;46;45;31.3;3.8;8.8;0.43;1.2;3.4;0.361;2.6;5.4;0.474;0.5;1.7;2.2;0.782;1;3.7;4.7;1.5;0.9;0.3;0.9;1.6;10.6
119;Mike Dunleavy;SF;35;CHI;3;2;13.7;1.7;4.7;0.357;1;1.7;0.6;0.7;3;0.222;0.464;0.7;0.7;1;0;0.7;0.7;1;0.3;0;0.7;2;5
120;Kevin Durant;SF;27;OKC;47;47;36;9.5;18.6;0.508;2.4;6.2;0.394;7;12.4;0.565;0.574;6.3;7.1;0.895;0.6;7.4;7.9;4.5;1;1.2;3.1;1.7;27.7
121;Cleanthony Early;SF;24;NYK;10;0;3.4;0.3;0.6;0.5;0.1;0.4;0.25;0.2;0.2;1;0.583;0;0;;0;0.2;0.2;0.1;0.1;0.1;0.1;0.3;0.7
122;Jarell Eddie;SF;24;WAS;14;0;5.6;0.9;2.7;0.342;0.9;2.3;0.375;0.1;0.4;0.167;0.5;0.3;0.3;1;0.1;0.9;0.9;0.1;0.1;0.1;0.1;0.2;3
125;James Ennis;SF;25;MEM;7;0;4;0.4;1.1;0.375;0.3;0.7;0.4;0.1;0.4;0.333;0.5;0.7;1.1;0.625;0.3;0.4;0.7;0.3;0.4;0.3;0.3;0.1;1.9
127;Jeremy Evans;SF;28;DAL;29;2;8.6;0.9;1.6;0.532;0.1;0.5;0.2;0.8;1.1;0.688;0.564;0.5;0.7;0.714;0.4;1.5;1.9;0.1;0.2;0.3;0.2;0.7;2.3
134;Evan Fournier;SF;23;ORL;52;44;31.5;5;11.2;0.445;2;5;0.398;3;6.1;0.483;0.534;2.1;2.6;0.827;0.4;2.5;2.9;2.6;1.3;0;1.6;2.5;14
139;Danilo Gallinari;SF;27;DEN;48;48;34.8;5.4;13.3;0.409;1.7;4.6;0.365;3.8;8.7;0.433;0.473;7.2;8.1;0.88;1;4.4;5.4;2.6;0.8;0.4;1.4;1.7;19.7
144;Rudy Gay;SF;29;SAC;46;46;33.6;7;14.9;0.473;1.1;3.2;0.342;6;11.7;0.508;0.509;2.7;3.4;0.797;1.6;5.2;6.7;1.7;1.2;0.7;1.8;2.7;17.9
145;Alonzo Gee;SF;28;NOP;53;34;21.5;1.6;3.3;0.491;0.3;1;0.294;1.3;2.3;0.573;0.534;0.5;0.6;0.788;0.7;2.4;3.1;0.9;0.9;0.2;0.7;2.3;4
155;Jerami Grant;SF;21;PHI;51;32;25.7;3.1;7.2;0.435;0.4;1.9;0.227;2.7;5.3;0.509;0.465;2.5;3.6;0.676;1.3;3.4;4.6;1.6;0.7;1.6;1.3;2.8;9.2
162;Jeff Green;SF;29;MEM;53;31;29.1;4.5;10.5;0.431;0.8;2.6;0.309;3.7;7.9;0.47;0.469;2.3;2.9;0.8;1;3.5;4.5;1.8;0.8;0.4;1.3;1.9;12.2
164;P.J. Hairston;SF;23;CHO;48;43;19.5;2.1;5.8;0.359;1.1;3.6;0.314;0.9;2.2;0.433;0.457;0.7;0.9;0.81;0.4;2.3;2.7;0.6;0.5;0.1;0.5;2.2;6
168;Maurice Harkless;SF;22;POR;52;3;17.2;2.1;4.4;0.476;0.4;1.6;0.28;1.7;2.9;0.584;0.526;0.7;1.3;0.538;1.1;2.1;3.2;0.8;0.6;0.4;0.8;1.3;5.3
178;Gordon Hayward;SF;25;UTA;52;52;36.1;6.6;15.1;0.434;1.8;5.1;0.352;4.8;10;0.476;0.494;4.9;6;0.826;0.8;4.3;5.1;3.7;1.1;0.3;2.6;2.3;19.9
181;Mario Hezonja;SF;20;ORL;49;0;15.2;2;4.6;0.43;0.8;2.1;0.363;1.2;2.5;0.488;0.513;0.7;0.7;0.944;0.4;1.4;1.8;1.1;0.2;0.2;1.2;1.4;5.4
187;Solomon Hill;SF;24;IND;30;1;11.2;1.2;3.1;0.387;0.2;0.9;0.179;1;2.2;0.477;0.414;0.6;0.7;0.95;0.6;1.6;2.2;0.8;0.5;0.3;0.4;1;3.2
188;Darrun Hilliard;SF;22;DET;22;0;9.3;1.4;3.3;0.431;0.4;1.1;0.36;1;2.1;0.468;0.493;0.6;0.9;0.684;0.2;0.7;0.9;0.6;0.2;0;0.5;0.8;3.8
193;Rondae Hollis-Jefferson;SF;21;BRK;19;14;22.1;2.1;4.3;0.481;0.1;0.3;0.2;2;4;0.5;0.488;1.1;1.6;0.667;1.7;4.4;6.1;1.4;1.4;0.4;1.1;2.2;5.2
204;Joe Ingles;SF;28;UTA;51;0;14.3;1.5;3.5;0.419;0.9;2.4;0.366;0.6;1.1;0.536;0.545;0.2;0.2;0.8;0.2;1.4;1.6;1.1;0.6;0.1;0.7;1.3;4
205;Damien Inglis;SF;20;MIL;8;0;5.3;0.3;1;0.25;0.1;0.6;0.2;0.1;0.4;0.333;0.313;0.4;0.5;0.75;0.1;1;1.1;0.3;0.3;0;0.5;0.6;1
209;LeBron James;SF;31;CLE;51;51;35.9;9.5;18.8;0.504;1.1;3.8;0.277;8.4;15;0.561;0.532;5;6.9;0.717;1.2;6;7.1;6.5;1.4;0.7;3.1;1.9;25
212;Richard Jefferson;SF;35;CLE;48;3;18.5;2;4.4;0.455;0.9;2.4;0.395;1;2;0.526;0.562;0.7;1.2;0.586;0.2;1.3;1.5;0.9;0.4;0.3;0.6;1.9;5.6
217;Chris Johnson;SF;25;UTA;43;1;11.9;1;2.7;0.371;0.4;1.4;0.295;0.6;1.3;0.455;0.448;0.6;0.7;0.781;0.4;1.5;2;0.8;0.6;0.2;0.6;1.4;3
219;Joe Johnson;SF;34;BRK;54;54;33.9;4.3;10.7;0.4;1.5;4.1;0.371;2.8;6.6;0.418;0.471;1.4;1.7;0.846;0.6;3.2;3.8;4.1;0.7;0;2;1.7;11.5
221;Stanley Johnson;SF;19;DET;54;5;24;3.5;8.9;0.39;0.9;3;0.315;2.5;5.9;0.428;0.443;1.2;1.5;0.788;0.8;3.4;4.2;1.6;0.7;0.1;1.5;2.6;9.1
223;Wesley Johnson;SF;28;LAC;53;6;19.4;2.5;6;0.423;1.3;3.9;0.34;1.2;2.1;0.575;0.533;0.4;0.7;0.6;0.5;2.3;2.8;0.6;1.1;0.7;0.6;2.1;6.8
225;James Jones;SF;35;CLE;35;0;9.6;1.1;2.9;0.37;0.8;2.2;0.355;0.3;0.7;0.417;0.505;0.5;0.6;0.762;0.2;0.9;1.1;0.4;0.2;0.2;0.3;1.3;3.3
233;Sergey Karasev;SF;22;BRK;24;0;6;0.4;1;0.375;0.1;0.5;0.182;0.3;0.5;0.538;0.417;0.3;0.3;1;0.1;0.6;0.8;0.3;0;0;0.3;0.3;1.1
236;Michael Kidd-Gilchrist;SF;22;CHO;7;7;29.3;4.7;8.7;0.541;0.4;1;0.429;4.3;7.7;0.556;0.566;2.9;4.1;0.69;1.7;4.7;6.4;1.3;0.4;0.4;1.1;1.3;12.7
250;Kawhi Leonard;SF;24;SAS;51;51;32.5;7.4;14.4;0.51;1.8;3.7;0.482;5.5;10.7;0.52;0.573;3.7;4.2;0.875;1.3;5.4;6.7;2.5;1.8;0.9;1.5;1.7;20.2
278;Doug McDermott;SF;24;CHI;51;4;22.4;3.2;7.4;0.435;1.4;3.2;0.424;1.8;4.2;0.443;0.528;0.5;0.5;0.852;0.4;1.9;2.3;0.6;0.2;0.1;0.8;1.5;8.3
288;C.J. Miles;SF;28;IND;48;24;24.8;4.1;10.3;0.393;2.1;6.2;0.345;1.9;4.2;0.465;0.496;1.7;2.3;0.734;0.5;2.7;3.1;1.1;1;0.5;1.2;2.3;11.9
290;Mike Miller;SF;35;DEN;38;1;8.2;0.4;1.2;0.34;0.4;1.1;0.35;0.1;0.2;0.286;0.489;0;0;;0.2;1;1.2;0.9;0.3;0.1;0.4;1.2;1.2
299;Marcus Morris;SF;26;DET;53;53;36.2;5;11.8;0.422;1.1;3.4;0.309;3.9;8.4;0.468;0.467;2.8;3.6;0.764;1.3;3.8;5.1;2.4;0.9;0.3;1.7;2.2;13.8
319;J.J. O'Brien;SF;23;UTA;2;0;3;0;0.5;0;0;0;;0;0.5;0;0;0;0;;0;0.5;0.5;0;0.5;0;0;0.5;0
325;Kelly Oubre;SF;20;WAS;43;9;11.9;1.4;3.4;0.407;0.5;1.4;0.356;0.9;2;0.442;0.479;0.6;0.8;0.686;0.4;1.7;2.2;0.3;0.3;0.1;0.5;1.6;3.8
327;Kostas Papanikolaou;SF;25;DEN;26;6;11.3;0.9;2.5;0.364;0.4;1.2;0.313;0.5;1.3;0.412;0.439;0.3;0.5;0.643;0.3;1.2;1.5;0.6;0.5;0.2;0.8;0.9;2.6
330;Chandler Parsons;SF;27;DAL;47;37;28.3;4.8;10;0.482;1.5;3.7;0.402;3.3;6.3;0.529;0.556;1.4;2.2;0.641;0.4;4;4.4;2.4;0.6;0.3;1.4;1.8;12.6
339;Paul Pierce;SF;38;LAC;48;22;17.7;1.9;5.6;0.343;1.1;3.6;0.314;0.8;2.1;0.394;0.443;0.7;0.9;0.805;0.2;2.6;2.8;1;0.4;0.2;0.8;1.8;5.7
343;Otto Porter;SF;22;WAS;44;42;31;4.8;10.3;0.467;1.2;3.7;0.317;3.6;6.5;0.552;0.524;1.5;1.9;0.765;1.3;3.9;5.2;1.9;1.6;0.3;1;2.3;12.3
351;Tayshaun Prince;SF;35;MIN;53;42;21.3;1.5;3.3;0.474;0.1;0.3;0.214;1.5;3;0.497;0.483;0.2;0.2;0.615;0.4;1.6;2;1;0.5;0.2;0.4;0.9;3.3
365;Terrence Ross;SF;24;TOR;46;7;23.8;3.4;7.7;0.445;1.7;4.4;0.386;1.7;3.3;0.523;0.555;0.6;0.7;0.794;0.3;2.1;2.4;0.7;0.8;0.4;0.7;1.6;9.2
368;Damjan Rudez;SF;29;MIN;21;0;9.4;0.9;2;0.452;0.6;1.5;0.375;0.3;0.5;0.7;0.595;0.3;0.3;1;0.1;0.4;0.5;0.3;0;0;0.5;1;2.7
372;JaKarr Sampson;SF;22;PHI;47;18;14.7;1.8;4.3;0.426;0.1;0.7;0.176;1.7;3.6;0.476;0.441;1.3;2.1;0.639;0.6;2.1;2.7;0.6;0.2;0.3;1.1;1.9;5.1
376;Thabo Sefolosha;SF;31;ATL;49;10;23.7;2.7;5.2;0.518;0.5;1.7;0.309;2.2;3.6;0.614;0.566;0.9;1.3;0.646;0.7;3.8;4.5;1.4;1.2;0.5;0.9;1.3;6.8
381;Kyle Singler;SF;27;OKC;43;1;13.1;1.1;2.9;0.381;0.5;1.4;0.328;0.7;1.5;0.431;0.46;0.5;0.7;0.667;0.6;1.3;1.8;0.2;0.5;0.1;0.5;1.7;3.2
389;Tony Snell;SF;24;CHI;50;29;20.7;2;5.4;0.376;0.9;2.5;0.354;1.1;2.9;0.396;0.459;0.5;0.6;0.893;0.3;3;3.3;0.9;0.3;0.3;0.9;1.5;5.5
393;Lance Stephenson;SF;25;LAC;43;10;15.8;1.9;3.9;0.494;0.4;1.1;0.404;1.5;2.8;0.529;0.551;0.5;0.7;0.7;0.4;2.1;2.5;1.4;0.6;0.1;1.1;1.8;4.7
401;Garrett Temple;SF;29;WAS;49;29;25.6;2.8;7.1;0.399;1.1;3.5;0.324;1.7;3.6;0.472;0.478;1.4;1.9;0.723;0.4;2.2;2.6;1.8;0.9;0.2;0.7;2.4;8.1
404;Lance Thomas;SF;27;NYK;50;5;21.8;3;6.4;0.464;0.7;1.8;0.411;2.2;4.6;0.485;0.522;1.8;2.1;0.868;0.6;1.5;2.1;0.8;0.4;0.1;1;1.8;8.5
412;P.J. Tucker;SF;30;PHO;54;52;30;2.6;6.4;0.405;0.8;2.4;0.346;1.8;4;0.44;0.469;1;1.4;0.747;1.7;4;5.7;1.9;1.3;0.3;1.3;2.4;7
428;T.J. Warren;SF;22;PHO;47;4;22.8;4.7;9.4;0.501;0.6;1.5;0.4;4.1;7.9;0.52;0.533;1;1.4;0.703;1.2;1.9;3.1;0.9;0.8;0.3;0.7;2;11
443;Justise Winslow;SF;19;MIA;50;3;27.8;2.2;5.3;0.418;0.5;1.8;0.258;1.7;3.5;0.5;0.462;0.9;1.2;0.717;0.8;4.2;5.1;1.3;0.7;0.4;1.3;2.4;5.7
446;Metta World Peace;SF;36;LAL;20;3;17.4;1.6;5.2;0.298;0.9;2.6;0.333;0.7;2.7;0.264;0.38;0.8;1.3;0.64;0.6;2;2.6;0.9;0.6;0.5;0.4;1.9;4.8
125;James Ennis;SF-PF;25;TOT;10;0;3.5;0.3;0.8;0.375;0.2;0.5;0.4;0.1;0.3;0.333;0.5;0.5;0.8;0.625;0.2;0.3;0.5;0.3;0.3;0.2;0.2;0.2;1.3
2;Jordan Adams;SG;21;MEM;2;0;7.5;1;3;0.333;0;0.5;0;1;2.5;0.4;0.333;1.5;2.5;0.6;0;1;1;1.5;1.5;0;1;1;3.5
4;Arron Afflalo;SG;30;NYK;47;47;34.1;5.5;12.3;0.451;1.3;3.6;0.373;4.2;8.7;0.484;0.506;1.8;2.1;0.876;0.3;3.3;3.6;1.9;0.4;0.2;1.1;2.3;14.2
14;James Anderson;SG;26;SAC;31;7;10.8;0.8;2.5;0.321;0.3;1.2;0.27;0.5;1.3;0.366;0.385;0.4;0.4;0.917;0.2;1.1;1.3;0.5;0.3;0.3;0.6;0.9;2.3
15;Justin Anderson;SG;22;DAL;33;1;8.7;1;2.5;0.393;0.3;1.3;0.256;0.7;1.2;0.537;0.458;0.4;0.6;0.684;0.1;1.5;1.6;0.3;0.3;0.2;0.4;0.7;2.7
30;Leandro Barbosa;SG;33;GSW;39;0;14.9;2.6;5.8;0.453;0.6;1.6;0.365;2;4.2;0.488;0.504;0.8;0.9;0.833;0.4;1.2;1.6;1.4;0.7;0.2;0.9;1.6;6.6
35;Will Barton;SG;25;DEN;54;1;28.5;5.7;12.5;0.455;1.5;4;0.38;4.2;8.5;0.49;0.516;2.6;3.1;0.855;0.9;5.2;6;2.4;0.9;0.5;1.6;1.8;15.5
37;Nicolas Batum;SG;27;CHO;44;44;35.3;5.1;12.4;0.413;2.1;5.9;0.353;3;6.5;0.467;0.496;2.6;3.1;0.846;0.9;5.6;6.5;5.6;0.9;0.6;3.2;1.7;14.9
38;Jerryd Bayless;SG;27;MIL;36;7;28;3.6;8.6;0.424;2;4.6;0.436;1.6;4;0.41;0.54;1.2;1.6;0.786;0.4;2.4;2.8;3.4;0.9;0.2;1.7;2.2;10.5
41;Bradley Beal;SG;22;WAS;30;20;31.8;7;15;0.463;2.1;5.2;0.397;4.9;9.8;0.498;0.532;2.7;3.5;0.769;0.8;3;3.7;2.9;1;0.3;2.3;2.3;18.7
42;Marco Belinelli;SG;29;SAC;52;7;26.1;3.8;9.7;0.386;1.4;4.7;0.299;2.3;5;0.467;0.458;2;2.4;0.862;0.1;1.7;1.9;2;0.6;0;1.3;1.5;10.9
54;Devin Booker;SG;19;PHO;48;23;23.3;3.7;8.1;0.45;1.2;2.9;0.403;2.5;5.3;0.476;0.522;2.1;2.6;0.824;0.3;1.9;2.2;1.8;0.5;0.1;1.5;2.6;10.6
57;Avery Bradley;SG;25;BOS;50;46;33.1;5.9;13.5;0.441;2.1;5.7;0.374;3.8;7.7;0.491;0.521;1.1;1.4;0.775;0.6;2.1;2.7;2.1;1.5;0.3;1.5;2.1;15.1
62;Markel Brown;SG;24;BRK;35;4;11.5;1.1;3.1;0.349;0.5;1.5;0.327;0.6;1.6;0.368;0.427;0.9;1.2;0.762;0.2;1;1.2;1;0.3;0.1;0.5;1.3;3.6
67;Alec Burks;SG;24;UTA;28;3;27.1;4.8;11.6;0.409;1;2.7;0.387;3.7;8.9;0.416;0.454;3.8;5;0.752;0.6;3;3.6;2.1;0.6;0.1;1.8;2.5;14.3
69;Jimmy Butler;SG;26;CHI;48;48;37.9;7.4;16.2;0.458;1.1;3.3;0.331;6.3;12.9;0.491;0.492;6.4;7.7;0.827;1.1;4.1;5.2;4.3;1.7;0.6;2;1.9;22.4
73;Kentavious Caldwell-Pope;SG;22;DET;50;50;36.9;5.3;12.7;0.421;1.5;4.9;0.311;3.8;7.8;0.49;0.481;2.4;3;0.824;0.9;2.9;3.8;1.8;1.5;0.3;1.5;2.3;14.6
77;Vince Carter;SG;39;MEM;35;0;13.3;1.5;4.1;0.357;0.6;2.2;0.26;0.9;1.9;0.47;0.427;0.7;0.8;0.852;0.3;1.4;1.7;0.7;0.4;0.3;0.5;1.4;4.1
83;Ian Clark;SG;24;GSW;43;1;9.6;1.6;3.6;0.458;0.6;1.4;0.41;1;2.1;0.489;0.539;0.4;0.5;0.905;0.2;0.8;1;1;0.3;0.2;0.7;0.9;4.3
84;Jordan Clarkson;SG;23;LAL;53;53;32.3;6.1;13.5;0.448;1;3;0.346;5;10.5;0.477;0.486;2.2;2.8;0.791;1.2;2.8;3.9;2.5;1.1;0.1;1.8;2.2;15.4
89;Pat Connaughton;SG;23;POR;21;0;2.8;0.2;1;0.19;0.1;0.5;0.2;0.1;0.5;0.182;0.238;0.1;0.1;1;0.2;0.4;0.7;0.1;0.1;0;0.3;0.1;0.6
94;Allen Crabbe;SG;23;POR;53;8;26.2;4.3;9.1;0.475;1.4;3.7;0.371;3;5.5;0.545;0.55;1.2;1.3;0.873;0.3;2.3;2.6;1.2;0.9;0.2;0.9;2.6;11.2
95;Jamal Crawford;SG;35;LAC;53;3;26.4;4.6;11.5;0.4;1.2;3.9;0.317;3.3;7.5;0.443;0.454;3.1;3.4;0.917;0.2;1.5;1.7;2.2;0.5;0.2;1.4;1.5;13.5
98;Jared Cunningham;SG;24;CLE;40;3;8.9;0.8;2.3;0.352;0.3;0.8;0.313;0.6;1.5;0.373;0.407;0.8;1.2;0.625;0.1;0.7;0.7;0.5;0.3;0.1;0.5;0.9;2.6
101;Troy Daniels;SG;24;CHO;27;0;10.6;2;4.3;0.47;1.3;2.6;0.5;0.7;1.7;0.422;0.622;0.1;0.3;0.5;0.2;1.1;1.3;0.4;0.2;0;0.6;1;5.4
106;Bryce Dejean-Jones;SG;23;NOP;11;8;19.9;2.2;5.1;0.429;0.9;2.4;0.385;1.3;2.7;0.467;0.518;1;1.9;0.524;0.7;2.8;3.5;1.1;0.8;0.1;0.6;1.1;6.3
108;Matthew Dellavedova;SG;25;CLE;46;11;26.3;3;7.1;0.423;1.4;3.2;0.432;1.6;3.9;0.416;0.521;0.8;0.9;0.902;0.6;1.9;2.5;4.8;0.7;0.1;1.5;2.3;8.2
110;DeMar DeRozan;SG;26;TOR;52;52;36.1;7.9;17.7;0.447;0.6;1.9;0.337;7.3;15.8;0.461;0.465;7;8.3;0.836;0.8;3.6;4.3;4.1;1;0.3;2.3;2.1;23.4
115;Goran Dragic;SG;29;MIA;44;44;32.3;5;10.6;0.469;0.9;2.8;0.331;4.1;7.9;0.517;0.512;1.3;1.9;0.687;0.6;2.7;3.3;5.3;1;0.2;2.5;2.5;12.2
123;Wayne Ellington;SG;28;BRK;53;19;20.3;2.7;7;0.388;1.1;3.3;0.343;1.6;3.7;0.429;0.469;0.7;0.9;0.826;0.2;2;2.2;0.9;0.6;0.1;0.6;1;7.3
124;Monta Ellis;SG;30;IND;53;53;33.7;5.5;12.7;0.436;1;3.3;0.294;4.6;9.4;0.487;0.475;1.8;2.4;0.762;0.4;2.6;3;4.8;1.8;0.5;2.8;2.1;13.9
135;Randy Foye;SG;32;DEN;54;7;19.8;2.2;6.2;0.351;0.9;3.1;0.296;1.2;3;0.409;0.426;0.7;0.9;0.83;0.3;1.6;1.9;2.1;0.5;0.3;1.1;1.5;6
137;Jimmer Fredette;SG;26;NOP;4;0;3.3;0.3;1;0.25;0;0.3;0;0.3;0.8;0.333;0.25;0;0;;0;0;0;0.3;0.3;0;0.3;0.3;0.5
148;Manu Ginobili;SG;38;SAS;43;0;19.7;3.6;7.9;0.451;1.2;3.1;0.378;2.4;4.7;0.5;0.527;1.7;2.1;0.793;0.5;2.4;3;3.3;1.1;0.2;1.7;1.6;10
151;Archie Goodwin;SG;21;PHO;34;12;20;3.1;7.2;0.43;0.4;1.6;0.283;2.6;5.6;0.471;0.461;2.6;3.7;0.696;0.5;2;2.4;2.2;0.5;0.3;1.8;1.4;9.2
153;Eric Gordon;SG;27;NOP;41;40;33.4;5;12.2;0.409;2.5;6.6;0.375;2.5;5.7;0.448;0.51;2.4;2.8;0.885;0.2;1.9;2.1;2.7;1;0.3;1.6;2.2;14.9
157;Danny Green;SG;28;SAS;53;53;25.7;2.8;7.2;0.382;1.6;4.5;0.359;1.2;2.7;0.421;0.493;0.4;0.5;0.793;0.6;3.3;3.9;1.8;0.8;0.7;1.1;1.5;7.5
160;Gerald Green;SG;30;MIA;47;9;25.8;3.8;9.4;0.399;1.4;4.3;0.319;2.4;5.1;0.467;0.472;1.2;1.6;0.773;0.4;2.3;2.7;1;0.6;0.3;0.9;2;10.1
166;Tim Hardaway;SG;23;ATL;24;0;14.8;1.5;4;0.365;0.5;2;0.245;1;2;0.489;0.427;0.8;0.8;0.947;0.2;1.5;1.7;1;0.4;0.1;0.3;0.8;4.2
167;James Harden;SG;26;HOU;55;55;37.3;8.2;19.1;0.427;2.8;7.9;0.355;5.3;11.2;0.479;0.501;8.9;10.2;0.869;0.8;5.5;6.3;7;1.6;0.7;4.5;2.7;28
171;Gary Harris;SG;21;DEN;48;48;31.1;4.3;9.3;0.462;1.3;3.5;0.365;3;5.7;0.522;0.532;1.2;1.5;0.819;0.6;2.2;2.9;1.8;1.2;0.2;1.4;2;11.1
172;Joe Harris;SG;24;CLE;5;0;3;0.2;0.8;0.25;0.2;0.8;0.25;0;0;;0.375;0;0;;0;0.6;0.6;0.4;0;0;0.2;0.2;0.6
174;Aaron Harrison;SG;21;CHO;13;0;4.2;0.2;0.8;0.2;0.1;0.2;0.333;0.1;0.5;0.143;0.25;0.2;0.5;0.333;0.2;0.4;0.6;0;0.3;0;0.2;0.2;0.5
179;Gerald Henderson;SG;28;POR;45;0;18;2.8;6.7;0.42;0.7;1.9;0.365;2.1;4.8;0.442;0.472;1.4;1.8;0.747;0.4;2.4;2.8;1;0.4;0.3;0.8;0.9;7.7
189;Kirk Hinrich;SG;35;CHI;35;7;15.9;1.3;3.4;0.398;0.7;1.6;0.411;0.7;1.8;0.387;0.496;0.4;0.5;0.938;0.2;1.5;1.7;1.7;0.4;0;0.8;1.8;3.8
191;Justin Holiday;SG;26;ATL;26;1;10.1;0.9;2.8;0.329;0.4;1.7;0.222;0.5;1.1;0.5;0.397;0.2;0.4;0.5;0.2;0.9;1;0.4;0.5;0.2;0.5;0.8;2.4
195;Rodney Hood;SG;23;UTA;50;50;31.4;5.2;12.3;0.423;2;5.5;0.361;3.2;6.9;0.472;0.503;2.5;2.8;0.879;0.4;2.9;3.3;2.6;0.8;0.2;1.6;2.9;14.9
200;R.J. Hunter;SG;22;BOS;24;0;10.3;1;3.1;0.338;0.5;2;0.245;0.5;1;0.52;0.419;0.2;0.3;0.833;0.1;1.2;1.3;0.4;0.5;0.2;0.3;1.2;2.8
202;Andre Iguodala;SG;32;GSW;51;1;27.3;2.9;5.8;0.493;0.9;2.4;0.387;1.9;3.4;0.57;0.574;0.9;1.4;0.638;0.9;3.4;4.3;3.5;1.2;0.3;1.2;1.6;7.5
213;John Jenkins;SG;24;DAL;21;1;9.2;1.4;3.3;0.414;0.1;0.9;0.158;1.2;2.4;0.51;0.436;0.4;0.4;0.889;0.2;0.9;1;0.4;0.1;0;0.5;0.5;3.3
220;Orlando Johnson;SG;26;PHO;2;0;23.5;2.5;9;0.278;0.5;3;0.167;2;6;0.333;0.306;2.5;3;0.833;1.5;3;4.5;0;1;1.5;0.5;2.5;8
222;Tyler Johnson;SG;23;MIA;36;5;24;3.3;6.7;0.488;0.8;1.9;0.386;2.5;4.8;0.529;0.543;1.4;1.8;0.797;0.8;2.3;3;2.2;0.7;0.4;1.3;1.8;8.7
237;Sean Kilpatrick;SG;26;DEN;8;0;10.3;1;2.6;0.381;0.5;2.1;0.235;0.5;0.5;1;0.476;0.9;1;0.875;0.3;0.5;0.8;0.4;0.3;0;0.5;0.9;3.4
238;Brandon Knight;SG;24;PHO;42;41;36.3;7.4;17.3;0.424;2.1;6.2;0.333;5.3;11.1;0.475;0.484;2.9;3.4;0.847;0.6;3.1;3.7;5.1;1.3;0.3;3.5;2.4;19.7
239;Kyle Korver;SG;34;ATL;53;53;30.2;3.3;7.8;0.428;1.9;5;0.386;1.4;2.8;0.503;0.552;0.7;0.9;0.826;0.2;3.3;3.5;2.2;0.9;0.5;1.4;2;9.3
241;Jeremy Lamb;SG;23;CHO;43;0;20.8;4.2;9;0.463;1;3.1;0.316;3.2;5.9;0.539;0.517;1.2;1.5;0.781;0.8;3.4;4.2;1.3;0.6;0.4;0.8;1.6;10.5
247;Courtney Lee;SG;30;MEM;51;37;29.2;3.8;8.2;0.458;1;2.7;0.37;2.8;5.5;0.502;0.519;1.5;1.8;0.826;0.4;1.9;2.3;1.5;1;0.3;1;1.5;10
264;Devyn Marble;SG;23;ORL;8;0;2.5;0.1;0.8;0.167;0;0.3;0;0.1;0.5;0.25;0.167;0;0.1;0;0.1;0.3;0.4;0;0.1;0;0.1;0.3;0.3
268;Kevin Martin;SG;32;MIN;35;12;22.6;3.5;9.2;0.375;1;2.8;0.364;2.4;6.4;0.379;0.43;3.3;3.8;0.886;0.3;1.8;2;1.3;0.5;0;1;1.7;11.3
269;Wesley Matthews;SG;29;DAL;51;51;33.1;4.2;10.8;0.384;2.3;6.5;0.348;1.9;4.3;0.438;0.489;1.5;1.8;0.848;0.4;2.5;2.9;1.9;1;0.3;1;2.2;12.1
270;O.J. Mayo;SG;28;MIL;31;14;26.6;3.2;8.7;0.369;1.1;3.9;0.287;2.1;4.8;0.436;0.434;1;1.2;0.789;0.3;2.2;2.5;3.1;1.1;0.2;1.6;2.8;8.5
274;C.J. McCollum;SG;24;POR;52;52;35;8.1;18.3;0.442;2.4;6.1;0.392;5.7;12.1;0.468;0.508;2.1;2.7;0.797;0.6;3;3.6;4.2;1.2;0.3;2.3;2.4;20.7
277;K.J. McDaniels;SG;22;HOU;16;0;3.9;0.5;1.6;0.308;0.1;0.4;0.286;0.4;1.2;0.316;0.346;0.4;0.6;0.667;0.3;0.6;0.8;0.1;0.2;0.3;0.3;0.8;1.5
281;Ben McLemore;SG;22;SAC;49;41;21;2.8;6.2;0.451;0.9;2.5;0.372;1.9;3.7;0.503;0.525;1.2;1.7;0.732;0.5;1.6;2.1;1.2;0.8;0.1;1.4;2;7.7
284;Jodie Meeks;SG;28;DET;2;0;8.5;0.5;2.5;0.2;0;0;;0.5;2.5;0.2;0.2;0;0;;0.5;0.5;1;0;0;0;0.5;1;1
287;Khris Middleton;SG;24;MIL;54;54;36.1;6.2;14.4;0.43;1.9;4.8;0.405;4.3;9.6;0.442;0.497;3.6;4.1;0.873;0.6;3.2;3.8;4;1.3;0.2;2.1;2.6;17.9
292;Elijah Millsap;SG;28;UTA;20;0;8.7;0.6;2;0.282;0.1;0.6;0.083;0.5;1.4;0.37;0.295;0.7;0.9;0.722;0.3;1.5;1.8;1;0.4;0.2;0.5;1.7;1.8
296;Luis Montero;SG;22;POR;7;0;3.3;0.7;1.9;0.385;0.1;0.7;0.2;0.6;1.1;0.5;0.423;0.3;0.3;1;0;0.3;0.3;0.1;0;0;0.3;0.1;1.9
297;E'Twaun Moore;SG;26;CHI;40;8;18.7;2.6;5.4;0.479;0.6;1.5;0.431;2;4;0.497;0.537;0.4;0.7;0.571;0.3;1.6;1.9;1.3;0.6;0.3;0.8;1.5;6.2
301;Anthony Morrow;SG;30;OKC;48;5;14.5;2;4.9;0.41;1.2;3;0.406;0.8;1.9;0.418;0.534;0.4;0.4;0.81;0.2;0.9;1.1;0.3;0.4;0.1;0.2;1;5.6
305;Shabazz Muhammad;SG;23;MIN;54;0;20.2;3.5;7.7;0.458;0.5;1.8;0.278;3;5.9;0.513;0.49;2.1;2.7;0.784;1;2.1;3.1;0.5;0.3;0.1;0.9;1.2;9.7
309;Gary Neal;SG;31;WAS;40;2;20.2;3.8;8.1;0.465;1;2.5;0.41;2.8;5.6;0.489;0.528;1.2;1.4;0.855;0.3;1.8;2.1;1.2;0.5;0;0.7;1.4;9.8
323;Victor Oladipo;SG;23;ORL;48;28;31.3;5.2;12.5;0.416;1.4;3.9;0.346;3.9;8.6;0.448;0.47;2.6;3.1;0.837;0.5;4.1;4.6;4;1.3;0.6;2.3;2.3;14.3
331;Lamar Patterson;SG;24;ATL;35;0;11.3;0.8;2.3;0.35;0.3;1.4;0.245;0.5;0.9;0.516;0.425;0.5;0.6;0.727;0.1;1.3;1.4;1.1;0.3;0.1;0.7;1.3;2.4
347;Norman Powell;SG;22;TOR;24;4;6.5;0.6;2.1;0.275;0;0.5;0.083;0.5;1.6;0.333;0.284;0.1;0.2;0.6;0.3;0.8;1.1;0.3;0.4;0;0.3;0.8;1.3
354;J.J. Redick;SG;31;LAC;49;49;28.3;5.4;11.5;0.475;2.7;5.6;0.476;2.8;5.9;0.474;0.591;2.9;3.3;0.87;0.1;1.6;1.7;1.4;0.5;0;1.1;1.8;16.4
356;Josh Richardson;SG;22;MIA;23;1;11.5;0.6;2.3;0.259;0.2;1.1;0.2;0.4;1.3;0.31;0.306;0.5;0.7;0.688;0.2;1;1.1;0.8;0.3;0.2;0.5;1.5;1.9
357;Austin Rivers;SG;23;LAC;46;5;21.6;3.2;7.3;0.438;0.7;2.5;0.284;2.5;4.8;0.518;0.487;0.9;1.3;0.677;0.3;1.5;1.8;1.3;0.7;0.2;0.9;2.1;8.1
358;Andre Roberson;SG;24;OKC;45;45;21.7;2;4.1;0.495;0.4;1.4;0.274;1.6;2.7;0.607;0.541;0.5;0.8;0.611;1.1;2.2;3.3;0.8;0.9;0.7;0.6;1.8;4.9
369;Brandon Rush;SG;30;GSW;43;23;15.4;1.8;3.9;0.45;1;2.3;0.45;0.7;1.6;0.449;0.583;0.3;0.5;0.65;0.3;2.4;2.7;0.9;0.3;0.3;0.5;0.8;4.9
379;Iman Shumpert;SG;25;CLE;30;0;24.1;2.4;6.1;0.388;0.9;2.9;0.322;1.4;3.2;0.448;0.464;0.5;0.7;0.682;0.5;2.8;3.3;1.5;1;0.4;1.2;2.2;6.2
380;Jonathon Simmons;SG;26;SAS;39;0;14.4;2.2;4.4;0.503;0.4;0.9;0.412;1.8;3.5;0.526;0.544;1.2;1.6;0.77;0.3;1.3;1.6;1.2;0.4;0.1;1;2;6
385;J.R. Smith;SG;30;CLE;48;48;30.5;4.8;11.6;0.413;2.7;6.7;0.402;2.1;4.9;0.427;0.529;0.6;1.1;0.596;0.6;2.3;2.9;1.5;1.1;0.4;0.8;2.8;12.9
392;Nik Stauskas;SG;22;PHI;47;26;24;2.6;7;0.376;1.4;4.3;0.333;1.2;2.6;0.447;0.48;0.9;1.2;0.714;0.2;2.1;2.3;1.8;0.6;0.3;1.2;1.4;7.5
402;Jason Terry;SG;38;HOU;45;7;16.8;2.1;4.9;0.423;1.3;3.6;0.363;0.8;1.3;0.583;0.555;0.4;0.6;0.8;0.2;0.9;1.1;1.3;0.7;0.1;0.7;1.4;5.9
405;Hollis Thompson;SG;24;PHI;51;2;26.9;3.2;7.9;0.408;1.7;4.5;0.387;1.5;3.4;0.436;0.519;0.7;1.1;0.679;0.6;2.7;3.3;1.1;0.4;0.3;1.2;2.3;8.9
407;Klay Thompson;SG;25;GSW;50;50;32.8;7.7;16.5;0.469;3.2;7.7;0.42;4.5;8.8;0.511;0.567;2.6;3.1;0.845;0.4;3.4;3.7;2.2;0.5;0.7;1.9;2;21.3
409;Marcus Thornton;SG;28;HOU;47;6;18.8;3.7;9.3;0.4;1.6;4.6;0.338;2.1;4.7;0.461;0.484;1.1;1.2;0.879;0.7;1.8;2.4;1.4;0.7;0.1;0.9;1.6;10
413;Evan Turner;SG;27;BOS;55;4;27.1;4;8.9;0.444;0.2;1.1;0.145;3.8;7.8;0.487;0.453;1.8;2.1;0.843;0.6;4.1;4.7;4.4;0.9;0.3;2.1;1.6;9.9
419;Rashad Vaughn;SG;19;MIL;46;0;11.8;0.9;2.9;0.321;0.6;1.6;0.351;0.4;1.3;0.283;0.418;0.2;0.3;0.917;0.2;1;1.2;0.3;0.3;0.2;0.4;0.9;2.7
423;Sasha Vujacic;SG;31;NYK;38;8;12.8;1.3;4.1;0.327;0.6;2;0.286;0.8;2.1;0.367;0.397;0.5;0.7;0.76;0.4;1.6;2.1;1.2;0.6;0.1;0.7;1.3;3.8
424;Dwyane Wade;SG;34;MIA;50;49;30.2;7.3;15.9;0.458;0.1;0.6;0.219;7.2;15.3;0.468;0.462;4;5.2;0.765;1.3;2.8;4;4.7;1;0.5;2.6;1.4;18.7
425;Dion Waiters;SG;24;OKC;54;10;28.2;3.7;9.2;0.401;1.1;3;0.356;2.6;6.2;0.423;0.459;1.5;2;0.725;0.5;2.4;2.8;1.9;1;0.2;1.5;1.9;9.9
430;Sonny Weems;SG;29;PHO;31;0;11.8;1;2.5;0.385;0.4;1;0.433;0.5;1.5;0.354;0.468;0.2;0.4;0.636;0.2;1.1;1.2;1.3;0.3;0;1.1;1.1;2.6
435;Andrew Wiggins;SG;20;MIN;53;53;35.1;7.4;16.5;0.447;0.6;2.4;0.244;6.8;14.2;0.481;0.465;5.4;7.2;0.744;1.5;2.1;3.7;1.8;0.8;0.6;2.2;2.2;20.8
436;C.J. Wilcox;SG;25;LAC;8;0;2.9;0.4;1.5;0.25;0;0.1;0;0.4;1.4;0.273;0.25;0;0;;0;0.3;0.3;0.3;0;0;0;0.1;0.8
440;Lou Williams;SG;29;LAL;52;34;29.8;4.3;10.7;0.4;1.6;4.7;0.333;2.7;6;0.453;0.474;5.3;6.3;0.838;0.4;2.3;2.7;2.6;1;0.3;1.6;1.7;15.4
450;James Young;SG;20;BOS;20;0;8.1;0.5;1.6;0.323;0.3;1.1;0.238;0.3;0.5;0.5;0.403;0.1;0.2;0.25;0.2;1;1.1;0.4;0.3;0.1;0.2;0.7;1.3
452;Nick Young;SG;30;LAL;44;0;18.8;2.4;6.9;0.354;1.5;4.3;0.335;1;2.5;0.387;0.46;0.9;1.1;0.83;0.3;1.5;1.8;0.6;0.5;0.1;0.5;0.9;7.2
